ALUMNO;MATRICULA;ETAPA;ANNO;TIPO;ESTUDIOS;GRUPO;REPETIDOR;FECHAMATRICULA;CENTRO;PROCEDENCIA;ESTADOMATRICULA;FECHARESMATRICULA;NUM_EXP_CENTRO;PROGRAMA_2
1027986;9759989;817;2025;O;CFGM (Mod. Presencial) (LOE) - Sistemas Microinformáticos y Redes;SMRDmodPT;N;25/06/2025;2003892;;a 2ª Ordinaria;30/09/2025;2189034;
510614;9767289;817;2025;O;CFGM (Mod. Presencial) (LOE) - Sistemas Microinformáticos y Redes;SMRVmodPR;N;26/06/2025;2003892;;Obtiene Título;18/12/2025;2188918;
602982;9745778;817;2025;O;CFGM (Mod. Presencial) (LOE) - Sistemas Microinformáticos y Redes;SMRDmodPR;N;20/06/2025;2003892;;Sin Finalizar;26/03/2026;2805336;
138716;9745366;817;2025;O;CFGM (Mod. Presencial) (LOE) - Sistemas Microinformáticos y Redes;SMRDmodPR;N;20/06/2025;2003892;;Obtiene Título;18/12/2025;8123;
660014;9745355;817;2025;O;CFGM (Mod. Presencial) (LOE) - Sistemas Microinformáticos y Redes;SMRDmodPR;N;20/06/2025;2003892;;Obtiene Título;18/12/2025;2805302;
727502;9745817;817;2025;O;CFGM (Mod. Presencial) (LOE) - Sistemas Microinformáticos y Redes;SMRDmodPR;N;20/06/2025;2003892;;Obtiene Título;18/12/2025;2805413;
176824;10221324;817;2025;O;CFGM (Mod. Presencial) (LOE) - Sistemas Microinformáticos y Redes;SMRDmodPR;N;18/09/2025;2003892;;Obtiene Título;18/12/2025;2805701;
660531;9751366;817;2025;O;CFGM (Mod. Presencial) (LOE) - Sistemas Microinformáticos y Redes;SMRDmodPR;N;23/06/2025;2003892;;Obtiene Título;18/12/2025;1324;
545184;9756810;817;2025;O;CFGM (Mod. Presencial) (LOE) - Sistemas Microinformáticos y Redes;SMRDmodPR;N;25/06/2025;2003892;;Obtiene Título;18/12/2025;2188954;
374333;9751833;817;2025;O;CFGM (Mod. Presencial) (LOE) - Sistemas Microinformáticos y Redes;SMRDmodPR;N;23/06/2025;2003892;;Obtiene Título;18/12/2025;2188878;
524291;9757951;817;2025;O;CFGM (Mod. Presencial) (LOE) - Sistemas Microinformáticos y Redes;SMRDmodPR;N;25/06/2025;2003892;;Obtiene Título;26/03/2026;1028;
661978;9751551;817;2025;O;CFGM (Mod. Presencial) (LOE) - Sistemas Microinformáticos y Redes;SMRDmodPR;N;23/06/2025;2003892;;Obtiene Título;18/12/2025;2805304;
228294;9751565;817;2025;O;CFGM (Mod. Presencial) (LOE) - Sistemas Microinformáticos y Redes;SMRDmodPR;N;23/06/2025;2003892;;Obtiene Título;26/03/2026;2189298;
1457211;10244025;817;2025;O;CFGM (Mod. Presencial) (LOE) - Sistemas Microinformáticos y Redes;SMRDmodPR;N;25/09/2025;2003892;;Obtiene Título;18/12/2025;2805183;
480455;10292817;817;2025;O;CFGM (Mod. Presencial) (LOE) - Sistemas Microinformáticos y Redes;SMRDmodPR;S;13/10/2025;2003892;2003892;Obtiene Título;18/12/2025;408;
593265;9745382;817;2025;O;CFGM (Mod. Presencial) (LOE) - Sistemas Microinformáticos y Redes;SMRVmodPT;N;20/06/2025;2003892;;Obtiene Título;18/12/2025;2188375;
800250;10095061;1470;2025;O;1º de PEFP - Actividades Auxiliares en Viveros, Jardines y Centros de Jardinería;1 PEFP JAR;N;09/07/2025;2003892;;;;2806829;
874974;10116200;1470;2025;O;1º de PEFP - Actividades Auxiliares en Viveros, Jardines y Centros de Jardinería;1 PEFP JAR;N;17/07/2025;2003892;;;;2806876;
901376;10125973;1470;2025;O;1º de PEFP - Actividades Auxiliares en Viveros, Jardines y Centros de Jardinería;1 PEFP JAR;S;23/07/2025;2003892;2003892;;;2805768;
675073;10099889;1470;2025;O;1º de PEFP - Actividades Auxiliares en Viveros, Jardines y Centros de Jardinería;1 PEFP JAR;N;10/07/2025;2003892;;Anulada;24/10/2025;2806843;
801638;10115759;1470;2025;O;1º de PEFP - Actividades Auxiliares en Viveros, Jardines y Centros de Jardinería;1 PEFP JAR;N;17/07/2025;2003892;;;;2806877;
796389;10208350;1470;2025;O;1º de PEFP - Actividades Auxiliares en Viveros, Jardines y Centros de Jardinería;1 PEFP JAR;N;16/09/2025;2003892;;;;2806925;
777914;10115761;1470;2025;O;1º de PEFP - Actividades Auxiliares en Viveros, Jardines y Centros de Jardinería;1 PEFP JAR;N;17/07/2025;2003892;;;;2806878;
593105;10100569;1470;2025;O;1º de PEFP - Actividades Auxiliares en Viveros, Jardines y Centros de Jardinería;1 PEFP JAR;N;10/07/2025;2003892;;;;2806844;
607300;9751127;1470;2025;O;2º de PEFP - Actividades Auxiliares en Viveros, Jardines y Centros de Jardinería;2 PEFP JAR;N;23/06/2025;2003892;2003892;;;2805896;
184344;9845453;1470;2025;O;2º de PEFP - Actividades Auxiliares en Viveros, Jardines y Centros de Jardinería;2 PEFP JAR;N;30/06/2025;2003892;2003892;;;2805996;
728340;10207819;1470;2025;O;2º de PEFP - Actividades Auxiliares en Viveros, Jardines y Centros de Jardinería;2 PEFP JAR;N;16/09/2025;2003892;2003892;;;2805895;
797844;9759824;1470;2025;O;2º de PEFP - Actividades Auxiliares en Viveros, Jardines y Centros de Jardinería;2 PEFP JAR;N;25/06/2025;2003892;2003892;;;2805891;
809490;9757812;1470;2025;O;2º de PEFP - Actividades Auxiliares en Viveros, Jardines y Centros de Jardinería;2 PEFP JAR;N;25/06/2025;2003892;2003892;;;2805888;
157464;9751389;1470;2025;O;2º de PEFP - Actividades Auxiliares en Viveros, Jardines y Centros de Jardinería;2 PEFP JAR;N;23/06/2025;2003892;2003892;;;2806105;
388625;9745414;817;2025;O;CFGM (Mod. Presencial) (LOE) - Gestión Administrativa;GAV mod PR;N;20/06/2025;2003892;;a 2ª Ordinaria;18/12/2025;2189090;
644789;9746385;817;2025;O;CFGM (Mod. Presencial) (LOE) - Gestión Administrativa;GAV mod PR;N;20/06/2025;2003892;;Obtiene Título;18/12/2025;2805778;
672950;9782220;817;2025;O;CFGM (Mod. Presencial) (LOE) - Gestión Administrativa;GAD mod PR;N;26/06/2025;2003892;;Obtiene Título;18/12/2025;2805350;
663937;9753835;817;2025;O;CFGM (Mod. Presencial) (LOE) - Gestión Administrativa;GAD mod PR;N;23/06/2025;2003892;;Obtiene Título;18/12/2025;2189266;
902998;9757879;845;2025;O;CFGS (Mod. Presencial) (LOE) - Administración de Sistemas Informáticos en Red;ASIR.MODUL;N;25/06/2025;2003892;;Obtiene Título;12/09/2025;2806282;
623451;9759491;845;2025;O;CFGS (Mod. Presencial) (LOE) - Administración de Sistemas Informáticos en Red;ASIRmodPR;N;25/06/2025;2003892;;Obtiene Título;18/12/2025;2189264;
234960;9751643;845;2025;O;CFGS (Mod. Presencial) (LOE) - Administración de Sistemas Informáticos en Red;ASIRmodPR;N;23/06/2025;2003892;;Obtiene Título;18/12/2025;2188937;
540377;10188154;845;2025;O;CFGS (Mod. Presencial) (LOE) - Administración de Sistemas Informáticos en Red;ASIRmodPR;N;09/09/2025;2003892;;Obtiene Título;18/12/2025;2805507;
176801;9759440;845;2025;O;CFGS (Mod. Presencial) (LOE) - Administración de Sistemas Informáticos en Red;ASIRmodPR;S;25/06/2025;2003892;2003892;a 2ª Ordinaria;18/12/2025;8776;
1581997;9752437;845;2025;O;CFGS (Mod. Presencial) (LOE) - Administración de Sistemas Informáticos en Red;ASIRmodPR;N;23/06/2025;2003892;;Obtiene Título;18/12/2025;2805425;
536999;9751685;845;2025;O;CFGS (Mod. Presencial) (LOE) - Administración de Sistemas Informáticos en Red;ASIRmodPR;N;23/06/2025;2003892;;Obtiene Título;18/12/2025;2805424;
193091;9759957;845;2025;O;CFGS (Mod. Presencial) (LOE) - Administración de Sistemas Informáticos en Red;ASIRmodPR;N;25/06/2025;2003892;;a 2ª Ordinaria;18/12/2025;7897;
592451;10115382;845;2025;O;CFGS (Mod. Presencial) (LOE) - Administración de Sistemas Informáticos en Red;ASIR_TEC;N;15/07/2025;2003892;;Obtiene Título;10/11/2025;2189256;
597569;10112320;845;2025;O;CFGS (Mod. Presencial) (LOE) - Administración de Sistemas Informáticos en Red;ASIR_TEC;N;15/07/2025;2003892;;Obtiene Título;10/11/2025;2805275;
595164;10112316;845;2025;O;CFGS (Mod. Presencial) (LOE) - Administración de Sistemas Informáticos en Red;ASIR_TEC;N;15/07/2025;2003892;;Obtiene Título;10/11/2025;2805317;
1385094;10104028;845;2025;O;CFGS (Mod. Presencial) (LOE) - Administración de Sistemas Informáticos en Red;ASIR_TEC;N;11/07/2025;2003892;;Obtiene Título;10/11/2025;2805332;
338803;10109847;845;2025;O;CFGS (Mod. Presencial) (LOE) - Administración de Sistemas Informáticos en Red;ASIR_TEC;N;14/07/2025;2003892;;Obtiene Título;10/11/2025;8114;
539840;10089373;845;2025;O;CFGS (Mod. Presencial) (LOE) - Asistencia a la Dirección;AD_TEC;N;08/07/2025;2003892;;Obtiene Título;10/11/2025;2189042;
47867;10089349;845;2025;O;CFGS (Mod. Presencial) (LOE) - Asistencia a la Dirección;AD_TEC;N;08/07/2025;2003892;;Obtiene Título;10/11/2025;2805284;
234663;10104828;845;2025;O;CFGS (Mod. Presencial) (LOE) - Asistencia a la Dirección;AD_TEC;N;11/07/2025;2003892;;Obtiene Título;10/11/2025;2188995;
396083;10188560;845;2025;O;CFGS (Mod. Presencial) (LOE) - Asistencia a la Dirección;ADmodPR;N;09/09/2025;2003892;;Obtiene Título;18/12/2025;2806307;
648023;10188573;845;2025;O;CFGS (Mod. Presencial) (LOE) - Asistencia a la Dirección;ADmodPR;N;09/09/2025;2003892;;Obtiene Título;18/12/2025;2806510;
890572;10188558;845;2025;O;CFGS (Mod. Presencial) (LOE) - Asistencia a la Dirección;ADmodPR;N;09/09/2025;2003892;;a 2ª Ordinaria;18/12/2025;6036;
1184823;10172870;845;2025;O;CFGS (Mod. Presencial) (LOE) - Asistencia a la Dirección;ADmodPR;N;04/09/2025;2003892;;Obtiene Título;18/12/2025;2805853;
183486;10206970;845;2025;O;CFGS (Mod. Presencial) (LOE) - Asistencia a la Dirección;ADmodPR;N;16/09/2025;2003892;;Obtiene Título;18/12/2025;2805245;
299863;10210981;845;2025;O;CFGS (Mod. Presencial) (LOE) - Asistencia a la Dirección;ADmodPR;S;17/09/2025;2003892;2003892;Obtiene Título;18/12/2025;2188741;
183719;10195385;845;2025;O;CFGS (Mod. Presencial) (LOE) - Asistencia a la Dirección;ADmodPR;N;11/09/2025;2003892;;Obtiene Título;18/12/2025;2805087;
604526;10188148;845;2025;O;CFGS (Mod. Presencial) (LOE) - Asistencia a la Dirección;ADmodPR;N;09/09/2025;2003892;;Obtiene Título;18/12/2025;2188472;
697211;10188153;845;2025;O;CFGS (Mod. Presencial) (LOE) - Asistencia a la Dirección;ADmodPR;N;09/09/2025;2003892;;Obtiene Título;18/12/2025;2805556;
143674;10191842;845;2025;O;CFGS (Mod. Presencial) (LOE) - Asistencia a la Dirección;ADmodPR;N;10/09/2025;2003892;;Obtiene Título;18/12/2025;2805567;
538030;10198879;845;2025;O;CFGS (Mod. Presencial) (LOE) - Asistencia a la Dirección;ADmodPR;N;12/09/2025;2003892;;Obtiene Título;18/12/2025;2805195;
1330163;10187800;845;2025;O;CFGS (Mod. Presencial) (LOE) - Asistencia a la Dirección;ADmodPR;N;09/09/2025;2003892;;Anulada;17/12/2025;2188129;
440838;10221441;845;2025;O;CFGS (Mod. Presencial) (LOE) - Asistencia a la Dirección;ADmodPR;S;18/09/2025;2003892;2003892;Obtiene Título;18/12/2025;8360;
411918;10187775;845;2025;O;CFGS (Mod. Presencial) (LOE) - Asistencia a la Dirección;ADmodPR;S;09/09/2025;2003892;2003892;Obtiene Título;18/12/2025;2805617;
422205;10194841;845;2025;O;CFGS (Mod. Presencial) (LOE) - Asistencia a la Dirección;ADmodPR;S;11/09/2025;2003892;2003892;Obtiene Título;18/12/2025;2805072;
1381800;9779493;845;2025;O;CFGS (Mod. Presencial) (LOE) - Asistencia a la Dirección;ADmodPR;N;26/06/2025;2003892;;Obtiene Título;18/12/2025;2188744;
1123351;10378857;845;2025;O;CFGS (Mod. Presencial) (LOE) - Asistencia a la Dirección;ADmodPR;S;12/01/2026;2003892;2004446;;;2188150;
343356;10188551;845;2025;O;CFGS (Mod. Presencial) (LOE) - Asistencia a la Dirección;ADmodPR;N;09/09/2025;2003892;;Obtiene Título;18/12/2025;2188090;
477302;9764286;845;2025;O;CFGS (Mod. Presencial) (LOE) - Asistencia a la Dirección;ADmodPT;N;26/06/2025;2003892;;Obtiene Título;18/12/2025;2187874;
1189105;9751529;845;2025;O;CFGS (Mod. Presencial) (LOE) - Administración y Finanzas;AFDmodPT;N;23/06/2025;2003892;;Obtiene Título;18/12/2025;2189032;
561750;9758121;845;2025;O;CFGS (Mod. Presencial) (LOE) - Administración y Finanzas;AFDmodPT;N;25/06/2025;2003892;;Obtiene Título;18/12/2025;2189011;
618306;9757991;845;2025;O;CFGS (Mod. Presencial) (LOE) - Administración y Finanzas;AFDmodPR;N;25/06/2025;2003892;;Obtiene Título;18/12/2025;2805274;
508056;9785999;845;2025;O;CFGS (Mod. Presencial) (LOE) - Administración y Finanzas;AFDmodPR;N;26/06/2025;2003892;;a 2ª Ordinaria;18/12/2025;2187878;
554901;9746866;845;2025;O;CFGS (Mod. Presencial) (LOE) - Administración y Finanzas;AFVmodPT;N;20/06/2025;2003892;;Obtiene Título;18/12/2025;8221;
136364;9759114;845;2025;O;CFGS (Mod. Presencial) (LOE) - Administración y Finanzas;AFVmodPR;N;25/06/2025;2003892;;Obtiene Título;18/12/2025;2187962;
449015;9758391;845;2025;O;CFGS (Mod. Presencial) (LOE) - Administración y Finanzas;AFVmodPR;N;25/06/2025;2003892;;Obtiene Título;18/12/2025;2805429;
598556;9746643;845;2025;O;CFGS (Mod. Presencial) (LOE) - Administración y Finanzas;AFVmodPR;N;20/06/2025;2003892;;Obtiene Título;18/12/2025;2805323;
548997;9744258;845;2025;O;CFGS (Mod. Presencial) (LOE) - Administración y Finanzas;AFVmodPR;N;20/06/2025;2003892;;Obtiene Título;18/12/2025;2805401;
156769;10093020;845;2025;O;CFGS (Mod. Presencial) (LOE) - Administración y Finanzas;AFD_TEC;N;09/07/2025;2003892;;Obtiene Título;10/11/2025;2805287;
1226919;10102864;845;2025;O;CFGS (Mod. Presencial) (LOE) - Administración y Finanzas;AFV_TEC;N;10/07/2025;2003892;;Obtiene Título;12/09/2025;2805813;
1449989;10099266;845;2025;O;CFGS (Mod. Presencial) (LOE) - Administración y Finanzas;AFV_TEC;N;10/07/2025;2003892;;Obtiene Título;10/11/2025;2189080;
387701;10090340;845;2025;O;CFGS (Mod. Presencial) (LOE) - Administración y Finanzas;AFV_TEC;N;08/07/2025;2003892;;Obtiene Título;10/11/2025;962;
233498;10194440;845;2025;O;CFGS (Mod. Presencial) (LOE) - Desarrollo de Aplicaciones Multiplataforma;DAMDmodPR;N;11/09/2025;2003892;;Obtiene Título;18/12/2025;2188533;
272021;10178053;845;2025;O;CFGS (Mod. Presencial) (LOE) - Desarrollo de Aplicaciones Multiplataforma;DAMDmodPR;N;05/09/2025;2003892;;Obtiene Título;18/12/2025;226;
176313;10173898;845;2025;O;CFGS (Mod. Presencial) (LOE) - Desarrollo de Aplicaciones Multiplataforma;DAMDmodPR;N;05/09/2025;2003892;;Obtiene Título;18/12/2025;2805675;
537713;10188152;845;2025;O;CFGS (Mod. Presencial) (LOE) - Desarrollo de Aplicaciones Multiplataforma;DAMDmodPR;N;09/09/2025;2003892;;Obtiene Título;18/12/2025;2805732;
106158;10188225;845;2025;O;CFGS (Mod. Presencial) (LOE) - Desarrollo de Aplicaciones Multiplataforma;DAMDmodPR;N;09/09/2025;2003892;;Obtiene Título;18/12/2025;2805522;
178490;10188138;845;2025;O;CFGS (Mod. Presencial) (LOE) - Desarrollo de Aplicaciones Multiplataforma;DAMDmodPR;S;09/09/2025;2003892;2003892;Obtiene Título;18/12/2025;7479;
376727;10197448;845;2025;O;CFGS (Mod. Presencial) (LOE) - Desarrollo de Aplicaciones Multiplataforma;DAMDmodPR;S;11/09/2025;2003892;45004685;Obtiene Título;18/12/2025;2806542;
382902;9757701;845;2025;O;CFGS (Mod. Presencial) (LOE) - Desarrollo de Aplicaciones Multiplataforma;DAMDmodPR;N;25/06/2025;2003892;;Obtiene Título;18/12/2025;2189104;
526687;10256863;845;2025;O;CFGS (Mod. Presencial) (LOE) - Desarrollo de Aplicaciones Multiplataforma;DAMDmodPR;N;29/09/2025;2003892;;Obtiene Título;18/12/2025;7208;
275198;10197329;845;2025;O;CFGS (Mod. Presencial) (LOE) - Desarrollo de Aplicaciones Multiplataforma;DAMDmodPR;N;11/09/2025;2003892;;Obtiene Título;18/12/2025;214;
479629;10244999;845;2025;O;CFGS (Mod. Presencial) (LOE) - Desarrollo de Aplicaciones Multiplataforma;DAMDmodPR;N;25/09/2025;2003892;;Sin Finalizar;18/12/2025;420;
375428;9775915;845;2025;O;CFGS (Mod. Presencial) (LOE) - Desarrollo de Aplicaciones Multiplataforma;DAMVmodPR;N;26/06/2025;2003892;;Obtiene Título;18/12/2025;2189260;
179029;9745979;845;2025;O;CFGS (Mod. Presencial) (LOE) - Desarrollo de Aplicaciones Multiplataforma;DAMVmodPR;N;20/06/2025;2003892;;Obtiene Título;18/12/2025;2805449;
618301;9752038;845;2025;O;CFGS (Mod. Presencial) (LOE) - Desarrollo de Aplicaciones Multiplataforma;DAMVmodPR;N;23/06/2025;2003892;;Obtiene Título;18/12/2025;1228;
592668;9746730;845;2025;O;CFGS (Mod. Presencial) (LOE) - Desarrollo de Aplicaciones Multiplataforma;DAMVmodPR;N;20/06/2025;2003892;;Obtiene Título;18/12/2025;2805419;
199318;10117954;845;2025;O;CFGS (Mod. Presencial) (LOE) - Desarrollo de Aplicaciones Multiplataforma;DAMVmodPR;N;21/07/2025;2003892;;a 2ª Ordinaria;18/12/2025;2188588;
768236;9746553;845;2025;O;CFGS (Mod. Presencial) (LOE) - Desarrollo de Aplicaciones Multiplataforma;DAMVmodPR;N;20/06/2025;2003892;;Obtiene Título;18/12/2025;2188383;
374170;10115381;845;2025;O;CFGS (Mod. Presencial) (LOE) - Desarrollo de Aplicaciones Multiplataforma;DAMD_TEC;N;15/07/2025;2003892;;Obtiene Título;18/12/2025;2188592;
373075;10106410;845;2025;O;CFGS (Mod. Presencial) (LOE) - Desarrollo de Aplicaciones Multiplataforma;DAMD_TEC;N;11/07/2025;2003892;;Obtiene Título;18/12/2025;2805277;
1397540;9850857;845;2025;O;CFGS (Mod. Presencial) (LOE) - Desarrollo de Aplicaciones Multiplataforma;DAMVmodPT;N;30/06/2025;2003892;;Sin Finalizar;26/02/2026;2805160;
178218;9746637;845;2025;O;CFGS (Mod. Presencial) (LOE) - Desarrollo de Aplicaciones Multiplataforma;DAMVmodPT;N;20/06/2025;2003892;;Obtiene Título;26/02/2026;8818;
156194;10115260;845;2025;O;CFGS (Mod. Presencial) (LOE) - Desarrollo de Aplicaciones Multiplataforma;DAMV_TEC;N;18/07/2025;2003892;;;;2805341;
59692;9752636;845;2025;O;CFGS (Mod. Presencial) (LOE) - Desarrollo de Aplicaciones Web;DAWmodPR;N;23/06/2025;2003892;;a 2ª Ordinaria;18/12/2025;2188112;
1578738;10220453;845;2025;O;CFGS (Mod. Presencial) (LOE) - Desarrollo de Aplicaciones Web;DAWmodPR;N;18/09/2025;2003892;;a 2ª Ordinaria;18/12/2025;2806936;
157058;9768145;845;2025;O;CFGS (Mod. Presencial) (LOE) - Desarrollo de Aplicaciones Web;DAWmodPR;N;26/06/2025;2003892;;Obtiene Título;18/12/2025;7100;
156011;10171922;845;2025;O;CFGS (Mod. Presencial) (LOE) - Desarrollo de Aplicaciones Web;DAWmodPR;N;04/09/2025;2003892;;Obtiene Título;18/12/2025;7415;
201959;10188144;845;2025;O;CFGS (Mod. Presencial) (LOE) - Desarrollo de Aplicaciones Web;DAWmodPR;N;09/09/2025;2003892;;Sin Finalizar;18/12/2025;2806913;
75647;9746873;845;2025;O;CFGS (Mod. Presencial) (LOE) - Desarrollo de Aplicaciones Web;DAWmodPR;N;20/06/2025;2003892;;Obtiene Título;18/12/2025;406;
540094;9750582;845;2025;O;CFGS (Mod. Presencial) (LOE) - Desarrollo de Aplicaciones Web;DAWmodPR;N;23/06/2025;2003892;;Obtiene Título;18/12/2025;2805282;
944267;9750601;845;2025;O;CFGS (Mod. Presencial) (LOE) - Desarrollo de Aplicaciones Web;DAWmodPR;N;23/06/2025;2003892;;Obtiene Título;18/12/2025;2188458;
479167;9750199;845;2025;O;CFGS (Mod. Presencial) (LOE) - Desarrollo de Aplicaciones Web;DAWmodPR;S;23/06/2025;2003892;2003892;Obtiene Título;18/12/2025;2805240;
514715;9744514;845;2025;O;CFGS (Mod. Presencial) (LOE) - Desarrollo de Aplicaciones Web;DAWmodPR;N;20/06/2025;2003892;;Obtiene Título;18/12/2025;2805358;
195204;9745047;845;2025;O;CFGS (Mod. Presencial) (LOE) - Desarrollo de Aplicaciones Web;DAWmodPR;N;20/06/2025;2003892;;Obtiene Título;18/12/2025;2188894;
390251;9759267;845;2025;O;CFGS (Mod. Presencial) (LOE) - Desarrollo de Aplicaciones Web;DAWmodPR;N;25/06/2025;2003892;;Obtiene Título;18/12/2025;2805471;
381233;10109837;845;2025;O;CFGS (Mod. Presencial) (LOE) - Desarrollo de Aplicaciones Web;DAW_TEC;N;14/07/2025;2003892;;Obtiene Título;10/11/2025;2188378;
524530;10115482;845;2025;O;CFGS (Mod. Presencial) (LOE) - Desarrollo de Aplicaciones Web;DAW_TEC;N;16/07/2025;2003892;;Obtiene Título;07/11/2025;2805312;
889492;10297823;845;2025;O;CFGS (Mod. Presencial) (LOFP) - Administración de Sistemas Informáticos en Red;ASIR MOD;S;14/10/2025;2003892;2003892;Anulada;21/01/2026;5870;
557755;10297813;845;2025;O;CFGS (Mod. Presencial) (LOFP) - Administración y Finanzas;AF V MOD;N;14/10/2025;2003892;;;;2807196;
445252;10296813;845;2025;O;CFGS (Mod. Presencial) (LOFP) - Administración y Finanzas;AF V MOD;N;14/10/2025;2003892;;;;2807195;
1332321;9746626;827;2025;O;2º de CFGS (LOFP) - Administración de Sistemas Informáticos en Red;2º ASIR D;N;20/06/2025;2003892;2003892;;;2188874;
450207;9745243;827;2025;O;2º de CFGS (LOFP) - Administración de Sistemas Informáticos en Red;2º ASIR D;N;20/06/2025;2003892;2003892;;;9189;
530581;9747641;827;2025;O;2º de CFGS (LOFP) - Administración de Sistemas Informáticos en Red;2º ASIR D;N;20/06/2025;2003892;2003892;;;2806047;
667636;9749110;827;2025;O;2º de CFGS (LOFP) - Administración de Sistemas Informáticos en Red;2º ASIR D;N;22/06/2025;2003892;2003892;;;2189115;
1427501;9745810;827;2025;O;2º de CFGS (LOFP) - Administración de Sistemas Informáticos en Red;2º ASIR D;N;20/06/2025;2003892;2003892;;;2805946;
663297;9747990;827;2025;O;2º de CFGS (LOFP) - Administración de Sistemas Informáticos en Red;2º ASIR D;N;20/06/2025;2003892;2003892;;;1289;
617685;9748302;827;2025;O;2º de CFGS (LOFP) - Administración de Sistemas Informáticos en Red;2º ASIR D;N;21/06/2025;2003892;2003892;;;2189061;
1723641;10031834;827;2025;O;2º de CFGS (LOFP) - Administración de Sistemas Informáticos en Red;2º ASIR D;N;03/07/2025;2003892;;;;2806739;
382732;9744846;827;2025;O;2º de CFGS (LOFP) - Administración de Sistemas Informáticos en Red;2º ASIR D;N;20/06/2025;2003892;2003892;;;2189044;
72161;10052350;827;2025;O;2º de CFGS (LOFP) - Administración de Sistemas Informáticos en Red;2º ASIR D;N;03/07/2025;2003892;;;;2806772;
662978;9746817;827;2025;O;2º de CFGS (LOFP) - Administración de Sistemas Informáticos en Red;2º ASIR D;N;20/06/2025;2003892;2003892;;;2189278;
1059233;9747171;827;2025;O;2º de CFGS (LOFP) - Administración de Sistemas Informáticos en Red;2º ASIR D;N;20/06/2025;2003892;2003892;;;2188957;
634440;9746302;827;2025;O;2º de CFGS (LOFP) - Administración de Sistemas Informáticos en Red;2º ASIR D;N;20/06/2025;2003892;2003892;;;2806042;
680645;9746973;827;2025;O;2º de CFGS (LOFP) - Administración de Sistemas Informáticos en Red;2º ASIR D;N;20/06/2025;2003892;2003892;;;2806114;
673204;9746001;827;2025;O;2º de CFGS (LOFP) - Administración de Sistemas Informáticos en Red;2º ASIR D;N;20/06/2025;2003892;2003892;;;2805230;
659223;9749377;827;2025;O;2º de CFGS (LOFP) - Administración de Sistemas Informáticos en Red;2º ASIR D;N;21/06/2025;2003892;2003892;;;2189119;
618197;9748601;827;2025;O;2º de CFGS (LOFP) - Administración de Sistemas Informáticos en Red;2º ASIR D;N;22/06/2025;2003892;2003892;;;2806015;
659930;9746849;827;2025;O;2º de CFGS (LOFP) - Administración de Sistemas Informáticos en Red;2º ASIR D;N;20/06/2025;2003892;2003892;;;1279;
662117;10034598;827;2025;O;2º de CFGS (LOFP) - Administración de Sistemas Informáticos en Red;2º ASIR D;N;03/07/2025;2003892;;;;2806220;
616497;9746380;827;2025;O;2º de CFGS (LOFP) - Administración de Sistemas Informáticos en Red;2º ASIR D;N;20/06/2025;2003892;2003892;;;2805445;
672872;9749911;827;2025;O;2º de CFGS (LOFP) - Administración de Sistemas Informáticos en Red;2º ASIR D;N;22/06/2025;2003892;2003892;;;2805980;
380505;9744127;827;2025;O;2º de CFGS (LOFP) - Administración de Sistemas Informáticos en Red;2º ASIR D;N;20/06/2025;2003892;2003892;;;2188401;
227070;9746542;827;2025;O;2º de CFGS (LOFP) - Administración de Sistemas Informáticos en Red;2º ASIR D;N;20/06/2025;2003892;2003892;;;2805936;
660009;9746812;827;2025;O;2º de CFGS (LOFP) - Administración de Sistemas Informáticos en Red;2º ASIR D;N;20/06/2025;2003892;2003892;;;2805950;
916448;9749149;827;2025;O;2º de CFGS (LOFP) - Administración de Sistemas Informáticos en Red;2º ASIR D;N;22/06/2025;2003892;2003892;;;2805973;
510686;9748582;827;2025;O;2º de CFGS (LOFP) - Administración de Sistemas Informáticos en Red;2º ASIR D;N;22/06/2025;2003892;2003892;;;2188866;
664687;9745228;827;2025;O;2º de CFGS (LOFP) - Administración de Sistemas Informáticos en Red;2º ASIR D;N;20/06/2025;2003892;2003892;;;2805934;
149801;9752456;827;2025;O;2º de CFGS (LOFP) - Administración de Sistemas Informáticos en Red;2º ASIR D;N;23/06/2025;2003892;2003892;;;2805929;
1723541;10033871;827;2025;O;2º de CFGS (LOFP) - Administración de Sistemas Informáticos en Red;2º ASIR D;N;03/07/2025;2003892;;;;2806744;
447025;10024349;827;2025;O;2º de CFGS (LOFP) - Administración de Sistemas Informáticos en Red;;N;02/07/2025;2003892;;Anulada;08/07/2025;554;
234960;9745861;827;2025;O;2º de CFGS (LOFP) - Administración de Sistemas Informáticos en Red;;S;20/06/2025;2003892;2003892;Anulada;01/07/2025;2188937;
338803;9756786;827;2025;O;2º de CFGS (LOFP) - Administración de Sistemas Informáticos en Red;;S;25/06/2025;2003892;2003892;Anulada;01/07/2025;8114;
841806;10292895;827;2025;O;1º de CFGS (LOFP) - Desarrollo de Aplicaciones Multiplataforma;1º DAM D;S;13/10/2025;2003892;2003892;;;8743;
740489;10115131;827;2025;O;1º de CFGS (LOFP) - Desarrollo de Aplicaciones Multiplataforma;1º DAM D;N;17/07/2025;2003892;;;;2806823;
607854;10055534;827;2025;O;1º de CFGS (LOFP) - Desarrollo de Aplicaciones Multiplataforma;1º DAM D;N;03/07/2025;2003892;;Anulada;15/09/2025;2806787;
609838;10021429;827;2025;O;1º de CFGS (LOFP) - Desarrollo de Aplicaciones Multiplataforma;1º DAM D;N;02/07/2025;2003892;;;;2806720;
707353;10049176;827;2025;O;1º de CFGS (LOFP) - Desarrollo de Aplicaciones Multiplataforma;1º DAM D;N;03/07/2025;2003892;;;;1486;
667403;9747842;827;2025;O;1º de CFGS (LOFP) - Desarrollo de Aplicaciones Multiplataforma;1º DAM D;S;20/06/2025;2003892;2003892;;;2805957;
768479;10014755;827;2025;O;1º de CFGS (LOFP) - Desarrollo de Aplicaciones Multiplataforma;1º DAM D;N;02/07/2025;2003892;;;;2187957;
518301;10014178;827;2025;O;1º de CFGS (LOFP) - Desarrollo de Aplicaciones Multiplataforma;1º DAM D;N;02/07/2025;2003892;;;;2805071;
43297;10012838;827;2025;O;1º de CFGS (LOFP) - Desarrollo de Aplicaciones Multiplataforma;1º DAM D;N;02/07/2025;2003892;;;;2806674;
159405;10220324;827;2025;O;1º de CFGS (LOFP) - Desarrollo de Aplicaciones Multiplataforma;1º DAM D;N;18/09/2025;2003892;;;;2189097;
726636;10013317;827;2025;O;1º de CFGS (LOFP) - Desarrollo de Aplicaciones Multiplataforma;1º DAM D;N;02/07/2025;2003892;;;;2806680;
592687;10116102;827;2025;O;1º de CFGS (LOFP) - Desarrollo de Aplicaciones Multiplataforma;1º DAM D;N;16/07/2025;2003892;;;;1143;
736633;10042272;827;2025;O;1º de CFGS (LOFP) - Desarrollo de Aplicaciones Multiplataforma;1º DAM D;N;03/07/2025;2003892;;Anulada;12/09/2025;2806755;
970190;10032288;827;2025;O;1º de CFGS (LOFP) - Desarrollo de Aplicaciones Multiplataforma;1º DAM D;N;03/07/2025;2003892;;;;2189276;
740312;10051273;827;2025;O;1º de CFGS (LOFP) - Desarrollo de Aplicaciones Multiplataforma;1º DAM D;N;03/07/2025;2003892;;;;2806770;
722294;10021838;827;2025;O;1º de CFGS (LOFP) - Desarrollo de Aplicaciones Multiplataforma;1º DAM D;N;02/07/2025;2003892;;;;2806722;
1586191;10169039;827;2025;O;1º de CFGS (LOFP) - Desarrollo de Aplicaciones Multiplataforma;1º DAM D;N;03/09/2025;2003892;;;;2806899;
518987;10190745;827;2025;O;1º de CFGS (LOFP) - Desarrollo de Aplicaciones Multiplataforma;1º DAM D;N;10/09/2025;2003892;;;;2188907;
721789;10020689;827;2025;O;1º de CFGS (LOFP) - Desarrollo de Aplicaciones Multiplataforma;1º DAM D;N;02/07/2025;2003892;;;;2806716;
718719;10094899;827;2025;O;1º de CFGS (LOFP) - Desarrollo de Aplicaciones Multiplataforma;1º DAM D;N;09/07/2025;2003892;;;;2806819;
1421073;10190692;827;2025;O;1º de CFGS (LOFP) - Desarrollo de Aplicaciones Multiplataforma;1º DAM D;N;10/09/2025;2003892;;;;2805910;
1451041;9746370;827;2025;O;1º de CFGS (LOFP) - Desarrollo de Aplicaciones Multiplataforma;1º DAM D;S;20/06/2025;2003892;2003892;;;2805977;
377795;9747498;827;2025;O;1º de CFGS (LOFP) - Desarrollo de Aplicaciones Multiplataforma;1º DAM D;S;20/06/2025;2003892;2003892;;;2805339;
1670477;10227842;827;2025;O;1º de CFGS (LOFP) - Desarrollo de Aplicaciones Multiplataforma;1º DAM D;N;19/09/2025;2003892;;;;2807061;
765312;10056984;827;2025;O;1º de CFGS (LOFP) - Desarrollo de Aplicaciones Multiplataforma;1º DAM D;N;03/07/2025;2003892;;;;2806792;
727661;10161264;827;2025;O;1º de CFGS (LOFP) - Desarrollo de Aplicaciones Multiplataforma;1º DAM D;N;01/09/2025;2003892;;;;2806884;
728588;10024678;827;2025;O;1º de CFGS (LOFP) - Desarrollo de Aplicaciones Multiplataforma;1º DAM D;N;03/07/2025;2003892;;;;2806730;
154868;10029947;827;2025;O;1º de CFGS (LOFP) - Desarrollo de Aplicaciones Multiplataforma;1º DAM D;N;03/07/2025;2003892;;;;8623;
677676;10291871;827;2025;O;1º de CFGS (LOFP) - Desarrollo de Aplicaciones Multiplataforma;1º DAM D;N;13/10/2025;2003892;;;;2807194;
1724033;10288314;827;2025;O;1º de CFGS (LOFP) - Desarrollo de Aplicaciones Multiplataforma;1º DAM D;N;10/10/2025;2003892;;;;2807191;
729163;10052332;827;2025;O;1º de CFGS (LOFP) - Desarrollo de Aplicaciones Multiplataforma;X1º DAM D;N;03/07/2025;2003892;;Anulada;27/11/2025;2806771;
737985;10019946;827;2025;O;1º de CFGS (LOFP) - Desarrollo de Aplicaciones Multiplataforma;X1º DAM D;N;02/07/2025;2003892;;Anulada;15/09/2025;2806713;
735332;10074539;827;2025;O;1º de CFGS (LOFP) - Desarrollo de Aplicaciones Multiplataforma;X1º DAM D;N;04/07/2025;2003892;;;;2806804;
523670;10074744;827;2025;O;1º de CFGS (LOFP) - Desarrollo de Aplicaciones Multiplataforma;X1º DAM V;N;04/07/2025;2003892;;;;2806805;
604821;10166401;827;2025;O;1º de CFGS (LOFP) - Desarrollo de Aplicaciones Multiplataforma;X1º DAM V;N;02/09/2025;2003892;;Anulada;22/10/2025;2188593;
139019;9795475;827;2025;O;1º de CFGS (LOFP) - Desarrollo de Aplicaciones Multiplataforma;X1º DAM V;S;26/06/2025;2003892;2003892;Anulada;06/11/2025;2188961;
74076;10095704;827;2025;O;1º de CFGS (LOFP) - Desarrollo de Aplicaciones Multiplataforma;1º DAM V;N;09/07/2025;2003892;;;;2806838;
519545;10013329;827;2025;O;1º de CFGS (LOFP) - Desarrollo de Aplicaciones Multiplataforma;1º DAM V;N;02/07/2025;2003892;;;;2806088;
348341;10170506;827;2025;O;1º de CFGS (LOFP) - Desarrollo de Aplicaciones Multiplataforma;1º DAM V;N;03/09/2025;2003892;;;;2806904;
719201;10005120;827;2025;O;1º de CFGS (LOFP) - Desarrollo de Aplicaciones Multiplataforma;1º DAM V;N;02/07/2025;2003892;;Anulada;06/10/2025;2805296;
522248;10057608;827;2025;O;1º de CFGS (LOFP) - Desarrollo de Aplicaciones Multiplataforma;1º DAM V;N;04/07/2025;2003892;;;;2805309;
739046;10164893;827;2025;O;1º de CFGS (LOFP) - Desarrollo de Aplicaciones Multiplataforma;1º DAM V;N;02/09/2025;2003892;;Anulada;18/09/2025;2806889;
62268;10050498;827;2025;O;1º de CFGS (LOFP) - Desarrollo de Aplicaciones Multiplataforma;1º DAM V;N;03/07/2025;2003892;;;;2806763;
683332;10067817;827;2025;O;1º de CFGS (LOFP) - Desarrollo de Aplicaciones Multiplataforma;1º DAM V;N;04/07/2025;2003892;;;;2805294;
227793;9746621;827;2025;O;1º de CFGS (LOFP) - Desarrollo de Aplicaciones Multiplataforma;1º DAM V;S;20/06/2025;2003892;2003892;;;2806145;
680662;10055424;827;2025;O;1º de CFGS (LOFP) - Desarrollo de Aplicaciones Multiplataforma;1º DAM V;N;03/07/2025;2003892;;;;2806783;
716620;9973432;827;2025;O;1º de CFGS (LOFP) - Desarrollo de Aplicaciones Multiplataforma;1º DAM V;N;02/07/2025;2003892;;;;2805394;
719408;9965356;827;2025;O;1º de CFGS (LOFP) - Desarrollo de Aplicaciones Multiplataforma;1º DAM V;N;02/07/2025;2003892;;;;2805754;
660724;9747931;827;2025;O;1º de CFGS (LOFP) - Desarrollo de Aplicaciones Multiplataforma;1º DAM V;S;20/06/2025;2003892;2003892;;;2806061;
732578;10020985;827;2025;O;1º de CFGS (LOFP) - Desarrollo de Aplicaciones Multiplataforma;1º DAM V;N;02/07/2025;2003892;;Anulada;08/10/2025;2806725;
719194;10115946;827;2025;O;1º de CFGS (LOFP) - Desarrollo de Aplicaciones Multiplataforma;1º DAM V;N;16/07/2025;2003892;;;;2806861;
592892;10095598;827;2025;O;1º de CFGS (LOFP) - Desarrollo de Aplicaciones Multiplataforma;1º DAM V;N;09/07/2025;2003892;;Anulada;26/11/2025;2806834;
601450;10106505;827;2025;O;1º de CFGS (LOFP) - Desarrollo de Aplicaciones Multiplataforma;1º DAM V;N;11/07/2025;2003892;;;;2806858;
601461;10164066;827;2025;O;1º de CFGS (LOFP) - Desarrollo de Aplicaciones Multiplataforma;1º DAM V;N;02/09/2025;2003892;;Anulada;17/09/2025;2805229;
1651479;10164262;827;2025;O;1º de CFGS (LOFP) - Desarrollo de Aplicaciones Multiplataforma;1º DAM V;N;02/09/2025;2003892;;;;2806895;
683416;10013023;827;2025;O;1º de CFGS (LOFP) - Desarrollo de Aplicaciones Multiplataforma;1º DAM V;N;02/07/2025;2003892;;;;2806678;
617809;10081926;827;2025;O;1º de CFGS (LOFP) - Desarrollo de Aplicaciones Multiplataforma;1º DAM V;N;07/07/2025;2003892;;;;2806808;
516506;10042394;827;2025;O;1º de CFGS (LOFP) - Desarrollo de Aplicaciones Multiplataforma;1º DAM V;N;03/07/2025;2003892;;;;2805329;
1515189;10047046;827;2025;O;1º de CFGS (LOFP) - Desarrollo de Aplicaciones Multiplataforma;1º DAM V;N;03/07/2025;2003892;;Anulada;15/01/2026;2189273;
614006;10106431;827;2025;O;1º de CFGS (LOFP) - Desarrollo de Aplicaciones Multiplataforma;1º DAM V;N;11/07/2025;2003892;;;;2806856;
522627;10172327;827;2025;O;1º de CFGS (LOFP) - Desarrollo de Aplicaciones Multiplataforma;1º DAM V;N;04/09/2025;2003892;;;;2806905;
659242;10200503;827;2025;O;1º de CFGS (LOFP) - Desarrollo de Aplicaciones Multiplataforma;1º DAM V;N;12/09/2025;2003892;;;;2806293;
617812;10095088;827;2025;O;1º de CFGS (LOFP) - Desarrollo de Aplicaciones Multiplataforma;1º DAM V;N;09/07/2025;2003892;;;;2806831;
554899;9746630;827;2025;O;1º de CFGS (LOFP) - Desarrollo de Aplicaciones Multiplataforma;1º DAM V;S;20/06/2025;2003892;2003892;;;2805093;
169267;10095399;827;2025;O;1º de CFGS (LOFP) - Desarrollo de Aplicaciones Multiplataforma;1º DAM V;N;09/07/2025;2003892;;;;2806826;
718943;10095939;827;2025;O;1º de CFGS (LOFP) - Desarrollo de Aplicaciones Multiplataforma;1º DAM V;N;09/07/2025;2003892;;Anulada;05/09/2025;2806840;
681341;10017049;827;2025;O;1º de CFGS (LOFP) - Desarrollo de Aplicaciones Multiplataforma;1º DAM V;N;02/07/2025;2003892;;;;2806700;
613318;10280423;827;2025;O;1º de CFGS (LOFP) - Desarrollo de Aplicaciones Multiplataforma;1º DAM V;N;08/10/2025;2003892;;;;2805776;
524267;10265415;827;2025;O;1º de CFGS (LOFP) - Desarrollo de Aplicaciones Multiplataforma;1º DAM V;N;02/10/2025;2003892;;;;2188322;
606017;10082761;827;2025;O;1º de CFGS (LOFP) - Desarrollo de Aplicaciones Multiplataforma;;N;07/07/2025;2003892;;Anulada;16/07/2025;2806810;
722698;10014633;827;2025;O;1º de CFGS (LOFP) - Desarrollo de Aplicaciones Multiplataforma;;N;02/07/2025;2003892;;Anulada;24/07/2025;2806688;
740705;10052463;827;2025;O;1º de CFGS (LOFP) - Desarrollo de Aplicaciones Multiplataforma;;N;03/07/2025;2003892;;Anulada;18/07/2025;2806773;
717207;10058336;827;2025;O;1º de CFGS (LOFP) - Desarrollo de Aplicaciones Multiplataforma;;N;04/07/2025;2003892;;Anulada;15/07/2025;2806793;
717078;9979048;827;2025;O;1º de CFGS (LOFP) - Desarrollo de Aplicaciones Multiplataforma;;N;02/07/2025;2003892;;Anulada;01/09/2025;2806628;
724031;10054997;827;2025;O;1º de CFGS (LOFP) - Desarrollo de Aplicaciones Multiplataforma;;N;03/07/2025;2003892;;Anulada;09/09/2025;2806784;
544175;9747431;827;2025;O;2º de CFGS (LOFP) - Desarrollo de Aplicaciones Multiplataforma;2º DAM V;N;20/06/2025;2003892;2003892;;;9;
521430;9749894;827;2025;O;2º de CFGS (LOFP) - Desarrollo de Aplicaciones Multiplataforma;2º DAM V;N;22/06/2025;2003892;2003892;;;2189091;
156138;9745582;827;2025;O;2º de CFGS (LOFP) - Desarrollo de Aplicaciones Multiplataforma;2º DAM V;N;20/06/2025;2003892;2003892;;;2188925;
659898;9747327;827;2025;O;2º de CFGS (LOFP) - Desarrollo de Aplicaciones Multiplataforma;2º DAM V;N;20/06/2025;2003892;2003892;;;2189121;
660526;9746890;827;2025;O;2º de CFGS (LOFP) - Desarrollo de Aplicaciones Multiplataforma;2º DAM V;N;20/06/2025;2003892;2003892;;;2189047;
610005;9746985;827;2025;O;2º de CFGS (LOFP) - Desarrollo de Aplicaciones Multiplataforma;2º DAM V;N;20/06/2025;2003892;2003892;;;2805959;
661543;9749326;827;2025;O;2º de CFGS (LOFP) - Desarrollo de Aplicaciones Multiplataforma;2º DAM V;N;21/06/2025;2003892;2003892;;;2805971;
473363;9749323;827;2025;O;2º de CFGS (LOFP) - Desarrollo de Aplicaciones Multiplataforma;2º DAM V;N;21/06/2025;2003892;2003892;;;2188985;
1650431;9746798;827;2025;O;2º de CFGS (LOFP) - Desarrollo de Aplicaciones Multiplataforma;2º DAM V;N;20/06/2025;2003892;2003892;;;2806147;
53995;9750078;827;2025;O;2º de CFGS (LOFP) - Desarrollo de Aplicaciones Multiplataforma;2º DAM V;N;23/06/2025;2003892;2003892;;;2805904;
659626;9746718;827;2025;O;2º de CFGS (LOFP) - Desarrollo de Aplicaciones Multiplataforma;2º DAM V;N;20/06/2025;2003892;2003892;;;2188873;
374759;9746761;827;2025;O;2º de CFGS (LOFP) - Desarrollo de Aplicaciones Multiplataforma;2º DAM V;N;20/06/2025;2003892;2003892;;;2805065;
670365;9746860;827;2025;O;2º de CFGS (LOFP) - Desarrollo de Aplicaciones Multiplataforma;2º DAM V;N;20/06/2025;2003892;2003892;;;2806128;
372736;9747251;827;2025;O;2º de CFGS (LOFP) - Desarrollo de Aplicaciones Multiplataforma;2º DAM V;N;20/06/2025;2003892;2003892;;;2189109;
1079843;9752200;827;2025;O;2º de CFGS (LOFP) - Desarrollo de Aplicaciones Multiplataforma;2º DAM V;N;23/06/2025;2003892;2003892;;;2343748;
670626;9747573;827;2025;O;2º de CFGS (LOFP) - Desarrollo de Aplicaciones Multiplataforma;2º DAM V;N;20/06/2025;2003892;2003892;;;2188882;
1343008;9749136;827;2025;O;2º de CFGS (LOFP) - Desarrollo de Aplicaciones Multiplataforma;2º DAM V;N;22/06/2025;2003892;2003892;;;2806062;
595173;9743904;827;2025;O;2º de CFGS (LOFP) - Desarrollo de Aplicaciones Multiplataforma;2º DAM V;N;20/06/2025;2003892;2003892;;;2806075;
201972;9756254;827;2025;O;2º de CFGS (LOFP) - Desarrollo de Aplicaciones Multiplataforma;2º DAM V;N;24/06/2025;2003892;2003892;;;7780;
661117;9747407;827;2025;O;2º de CFGS (LOFP) - Desarrollo de Aplicaciones Multiplataforma;2º DAM V;N;20/06/2025;2003892;2003892;;;2189093;
594390;9750341;827;2025;O;2º de CFGS (LOFP) - Desarrollo de Aplicaciones Multiplataforma;2º DAM V;N;23/06/2025;2003892;2003892;;;2188916;
60411;9746962;827;2025;O;2º de CFGS (LOFP) - Desarrollo de Aplicaciones Multiplataforma;2º DAM V;N;20/06/2025;2003892;2003892;;;2806146;
77209;9753147;827;2025;O;2º de CFGS (LOFP) - Desarrollo de Aplicaciones Multiplataforma;2º DAM D;N;23/06/2025;2003892;2003892;;;2806051;
512182;9747384;827;2025;O;2º de CFGS (LOFP) - Desarrollo de Aplicaciones Multiplataforma;2º DAM D;N;20/06/2025;2003892;2003892;;;2806049;
598054;9747358;827;2025;O;2º de CFGS (LOFP) - Desarrollo de Aplicaciones Multiplataforma;2º DAM D;N;20/06/2025;2003892;2003892;;;2805960;
1433326;9749459;827;2025;O;2º de CFGS (LOFP) - Desarrollo de Aplicaciones Multiplataforma;2º DAM D;N;21/06/2025;2003892;2003892;;;2806052;
595130;9753248;827;2025;O;2º de CFGS (LOFP) - Desarrollo de Aplicaciones Multiplataforma;2º DAM D;N;23/06/2025;2003892;2003892;;;2806053;
447285;9747962;827;2025;O;2º de CFGS (LOFP) - Desarrollo de Aplicaciones Multiplataforma;2º DAM D;N;20/06/2025;2003892;2003892;;;2806077;
682662;10011433;827;2025;O;2º de CFGS (LOFP) - Desarrollo de Aplicaciones Multiplataforma;2º DAM D;N;02/07/2025;2003892;16000899;;;2806669;
384376;9747424;827;2025;O;2º de CFGS (LOFP) - Desarrollo de Aplicaciones Multiplataforma;2º DAM D;N;20/06/2025;2003892;2003892;;;2189008;
536263;10210964;827;2025;O;2º de CFGS (LOFP) - Desarrollo de Aplicaciones Multiplataforma;2º DAM D;S;17/09/2025;2003892;2003892;;;2187836;
659210;9747363;827;2025;O;2º de CFGS (LOFP) - Desarrollo de Aplicaciones Multiplataforma;2º DAM D;N;20/06/2025;2003892;2003892;;;2805938;
607569;9749858;827;2025;O;2º de CFGS (LOFP) - Desarrollo de Aplicaciones Multiplataforma;2º DAM D;N;22/06/2025;2003892;2003892;Anulada;17/09/2025;2806016;
592336;9747444;827;2025;O;2º de CFGS (LOFP) - Desarrollo de Aplicaciones Multiplataforma;2º DAM D;N;20/06/2025;2003892;2003892;;;2805975;
595589;10033576;827;2025;O;2º de CFGS (LOFP) - Desarrollo de Aplicaciones Multiplataforma;2º DAM D;N;03/07/2025;2003892;;;;2806743;
512320;9743885;827;2025;O;2º de CFGS (LOFP) - Desarrollo de Aplicaciones Multiplataforma;2º DAM D;N;20/06/2025;2003892;2003892;;;2806080;
662926;9746943;827;2025;O;2º de CFGS (LOFP) - Desarrollo de Aplicaciones Multiplataforma;2º DAM D;N;20/06/2025;2003892;2003892;;;2805989;
673898;9746871;827;2025;O;2º de CFGS (LOFP) - Desarrollo de Aplicaciones Multiplataforma;2º DAM D;N;20/06/2025;2003892;2003892;;;2806089;
673829;9744547;827;2025;O;2º de CFGS (LOFP) - Desarrollo de Aplicaciones Multiplataforma;2º DAM D;N;20/06/2025;2003892;2003892;;;2806135;
604041;9747977;827;2025;O;2º de CFGS (LOFP) - Desarrollo de Aplicaciones Multiplataforma;2º DAM D;N;20/06/2025;2003892;2003892;;;2806158;
34959;9747185;827;2025;O;2º de CFGS (LOFP) - Desarrollo de Aplicaciones Multiplataforma;2º DAM D;N;20/06/2025;2003892;2003892;;;2805927;
166844;9748524;827;2025;O;2º de CFGS (LOFP) - Desarrollo de Aplicaciones Multiplataforma;2º DAM D;N;22/06/2025;2003892;2003892;;;2806004;
1650432;9750358;827;2025;O;2º de CFGS (LOFP) - Desarrollo de Aplicaciones Multiplataforma;2º DAM D;N;23/06/2025;2003892;2003892;;;2806162;
225828;9752702;827;2025;O;2º de CFGS (LOFP) - Desarrollo de Aplicaciones Multiplataforma;2º DAM D;N;23/06/2025;2003892;2003892;;;2806479;
673144;9763858;827;2025;O;2º de CFGS (LOFP) - Desarrollo de Aplicaciones Multiplataforma;2º DAM D;N;26/06/2025;2003892;2003892;;;2805961;
592402;10076211;827;2025;O;2º de CFGS (LOFP) - Desarrollo de Aplicaciones Multiplataforma;X2º DAM V;N;04/07/2025;2003892;;;;2806806;
199318;9799073;827;2025;O;2º de CFGS (LOFP) - Desarrollo de Aplicaciones Multiplataforma;;S;26/06/2025;2003892;2003892;Anulada;21/07/2025;2188588;
178947;9752658;827;2025;O;2º de CFGS (LOFP) - Desarrollo de Aplicaciones Multiplataforma;;S;23/06/2025;2003892;2003892;Anulada;03/07/2025;7640;
390893;10014580;827;2025;O;2º de CFGS (LOFP) - Desarrollo de Aplicaciones Multiplataforma;;N;02/07/2025;2003892;;Anulada;03/09/2025;2806687;
156194;9757924;827;2025;O;2º de CFGS (LOFP) - Desarrollo de Aplicaciones Multiplataforma;;S;25/06/2025;2003892;2003892;Anulada;01/07/2026;2805341;
1394859;9744152;1686;2025;O;1º CFGB (LOFP) - Servicios Administrativos;1º CFGB SA;S;20/06/2025;2003892;2003892;;;2189283;
1609432;10010395;1686;2025;O;1º CFGB (LOFP) - Servicios Administrativos;1º CFGB SA;N;02/07/2025;2003892;;Anulada;16/09/2025;2806666;
817860;9899455;1686;2025;O;1º CFGB (LOFP) - Servicios Administrativos;1º CFGB SA;N;01/07/2025;2003892;;;;2806560;
864991;9965094;1686;2025;O;1º CFGB (LOFP) - Servicios Administrativos;1º CFGB SA;N;02/07/2025;2003892;;;;2806613;
938290;9976647;1686;2025;O;1º CFGB (LOFP) - Servicios Administrativos;1º CFGB SA;N;02/07/2025;2003892;;;;2806623;
866844;10219429;1686;2025;O;1º CFGB (LOFP) - Servicios Administrativos;1º CFGB SA;N;18/09/2025;2003892;;;;2806935;
814554;10236671;1686;2025;O;1º CFGB (LOFP) - Servicios Administrativos;1º CFGB SA;N;23/09/2025;2003892;;;;1505;
911147;9908487;1686;2025;O;1º CFGB (LOFP) - Servicios Administrativos;1º CFGB SA;N;01/07/2025;2003892;;;;2806568;
740306;9758195;1686;2025;O;1º CFGB (LOFP) - Servicios Administrativos;1º CFGB SA;S;25/06/2025;2003892;2003892;;;2806480;
1593572;9903258;1686;2025;O;1º CFGB (LOFP) - Servicios Administrativos;1º CFGB SA;N;01/07/2025;2003892;;;;2806122;
1456518;10018132;1686;2025;O;1º CFGB (LOFP) - Servicios Administrativos;1º CFGB SA;N;02/07/2025;2003892;;;;2806708;
799074;9918470;1686;2025;O;1º CFGB (LOFP) - Servicios Administrativos;1º CFGB SA;N;01/07/2025;2003892;;;;2806576;
908570;10261437;1686;2025;O;1º CFGB (LOFP) - Servicios Administrativos;1º CFGB SA;N;30/09/2025;2003892;;;;2807174;
1120743;9916335;1686;2025;O;1º CFGB (LOFP) - Servicios Administrativos;1º CFGB SA;N;01/07/2025;2003892;;Anulada;08/10/2025;1615;
790783;10267821;1686;2025;O;1º CFGB (LOFP) - Servicios Administrativos;1º CFGB SA;N;02/10/2025;2003892;;;;2807183;
812854;10288923;1686;2025;O;1º CFGB (LOFP) - Servicios Administrativos;1º CFGB SA;N;10/10/2025;2003892;;;;2807193;
727728;10242318;1686;2025;O;1º CFGB (LOFP) - Servicios Administrativos;1º CFGB SA;N;24/09/2025;2003892;;;;2189067;
862265;10267820;1686;2025;O;1º CFGB (LOFP) - Servicios Administrativos;1º CFGB SA;S;02/10/2025;2003892;2003892;;;2806013;
966168;10261048;1686;2025;O;1º CFGB (LOFP) - Servicios Administrativos;1º CFGB SA;N;30/09/2025;2003892;;;;1660;
1618865;10265494;1686;2025;O;1º CFGB (LOFP) - Servicios Administrativos;1º CFGB SA;N;02/10/2025;2003892;;;;2807181;
1601908;10044377;1686;2025;O;1º CFGB (LOFP) - Servicios Administrativos;;N;03/07/2025;2003892;;Anulada;05/09/2025;2805752;
867435;10273946;1686;2025;O;1º CFGB (LOFP) - Servicios Administrativos;;N;06/10/2025;2003892;;;;2807184;
610544;10057417;827;2025;O;1º de CFGS (LOFP) - Administración y Finanzas;1º AF D;N;03/07/2025;2003892;;Anulada;09/02/2026;2806790;
604412;10050803;827;2025;O;1º de CFGS (LOFP) - Administración y Finanzas;1º AF D;N;03/07/2025;2003892;;;;2188594;
600360;10068311;827;2025;O;1º de CFGS (LOFP) - Administración y Finanzas;1º AF D;N;04/07/2025;2003892;;;;2806802;
377815;9754363;827;2025;O;1º de CFGS (LOFP) - Administración y Finanzas;1º AF D;S;23/06/2025;2003892;2003892;;;2806059;
717201;10115055;827;2025;O;1º de CFGS (LOFP) - Administración y Finanzas;1º AF D;N;16/07/2025;2003892;;;;2806873;
160853;10058946;827;2025;O;1º de CFGS (LOFP) - Administración y Finanzas;1º AF D;N;04/07/2025;2003892;;Anulada;17/09/2025;2189316;
742848;10010819;827;2025;O;1º de CFGS (LOFP) - Administración y Finanzas;1º AF D;N;02/07/2025;2003892;;;;2806668;
726175;10012553;827;2025;O;1º de CFGS (LOFP) - Administración y Finanzas;1º AF D;N;02/07/2025;2003892;;;;2806676;
723318;10015365;827;2025;O;1º de CFGS (LOFP) - Administración y Finanzas;1º AF D;N;02/07/2025;2003892;;;;2806692;
388109;10037355;827;2025;O;1º de CFGS (LOFP) - Administración y Finanzas;1º AF D;N;03/07/2025;2003892;;;;2806748;
674551;10032893;827;2025;O;1º de CFGS (LOFP) - Administración y Finanzas;1º AF D;N;03/07/2025;2003892;;;;2805297;
729621;10095821;827;2025;O;1º de CFGS (LOFP) - Administración y Finanzas;1º AF D;N;09/07/2025;2003892;;;;2806835;
721537;10116826;827;2025;O;1º de CFGS (LOFP) - Administración y Finanzas;1º AF D;N;18/07/2025;2003892;;;;2806880;
675106;10102493;827;2025;O;1º de CFGS (LOFP) - Administración y Finanzas;1º AF D;N;10/07/2025;2003892;;;;2188928;
659202;10096314;827;2025;O;1º de CFGS (LOFP) - Administración y Finanzas;1º AF D;N;09/07/2025;2003892;;;;1301;
1604937;10232437;827;2025;O;1º de CFGS (LOFP) - Administración y Finanzas;1º AF D;N;22/09/2025;2003892;;Anulada;26/09/2025;2806870;
662200;10037443;827;2025;O;1º de CFGS (LOFP) - Administración y Finanzas;1º AF D;N;03/07/2025;2003892;;;;2806750;
448622;10204821;827;2025;O;1º de CFGS (LOFP) - Administración y Finanzas;1º AF D;N;15/09/2025;2003892;;;;2806919;
734428;10103246;827;2025;O;1º de CFGS (LOFP) - Administración y Finanzas;1º AF D;N;10/07/2025;2003892;;;;2806850;
592862;10115046;827;2025;O;1º de CFGS (LOFP) - Administración y Finanzas;1º AF D;N;16/07/2025;2003892;;;;2806872;
1721634;10019594;827;2025;O;1º de CFGS (LOFP) - Administración y Finanzas;1º AF D;N;02/07/2025;2003892;;;;2806714;
741843;9979509;827;2025;O;1º de CFGS (LOFP) - Administración y Finanzas;1º AF D;N;02/07/2025;2003892;;;;2806630;
662305;10026009;827;2025;O;1º de CFGS (LOFP) - Administración y Finanzas;1º AF D;N;03/07/2025;2003892;;;;2806732;
138292;10017139;827;2025;O;1º de CFGS (LOFP) - Administración y Finanzas;1º AF D;N;02/07/2025;2003892;;Anulada;18/09/2025;2806702;
721966;9998008;827;2025;O;1º de CFGS (LOFP) - Administración y Finanzas;1º AF D;N;02/07/2025;2003892;;;;2806651;
374800;10029174;827;2025;O;1º de CFGS (LOFP) - Administración y Finanzas;1º AF D;N;03/07/2025;2003892;;;;2188338;
681189;10016585;827;2025;O;1º de CFGS (LOFP) - Administración y Finanzas;1º AF D;N;02/07/2025;2003892;;;;2806703;
1588354;10009161;827;2025;O;1º de CFGS (LOFP) - Administración y Finanzas;1º AF D;N;02/07/2025;2003892;;;;2805443;
1748735;10297849;827;2025;O;1º de CFGS (LOFP) - Administración y Finanzas;1º AF D;N;14/10/2025;2003892;;;;2807197;
1721701;10188520;827;2025;O;1º de CFGS (LOFP) - Administración y Finanzas;1º AF V;N;09/09/2025;2003892;;Anulada;22/01/2026;2806862;
728790;10095371;827;2025;O;1º de CFGS (LOFP) - Administración y Finanzas;1º AF V;N;09/07/2025;2003892;;;;2806824;
673591;10167277;827;2025;O;1º de CFGS (LOFP) - Administración y Finanzas;1º AF V;N;03/09/2025;2003892;;;;2806900;
524358;9797598;827;2025;O;1º de CFGS (LOFP) - Administración y Finanzas;1º AF V;S;26/06/2025;2003892;2003892;;;2806432;
237942;10000806;827;2025;O;1º de CFGS (LOFP) - Administración y Finanzas;1º AF V;N;02/07/2025;2003892;;;;2806657;
227590;10016488;827;2025;O;1º de CFGS (LOFP) - Administración y Finanzas;1º AF V;N;02/07/2025;2003892;;;;2805757;
671267;9985400;827;2025;O;1º de CFGS (LOFP) - Administración y Finanzas;1º AF V;N;02/07/2025;2003892;;;;2806634;
727017;10102903;827;2025;O;1º de CFGS (LOFP) - Administración y Finanzas;1º AF V;N;10/07/2025;2003892;;Anulada;09/09/2025;2806847;
474146;10106361;827;2025;O;1º de CFGS (LOFP) - Administración y Finanzas;1º AF V;N;11/07/2025;2003892;;;;2805783;
670641;10165380;827;2025;O;1º de CFGS (LOFP) - Administración y Finanzas;1º AF V;N;02/09/2025;2003892;;;;2806890;
662528;10163032;827;2025;O;1º de CFGS (LOFP) - Administración y Finanzas;1º AF V;N;01/09/2025;2003892;;;;2806888;
717239;10164073;827;2025;O;1º de CFGS (LOFP) - Administración y Finanzas;1º AF V;N;02/09/2025;2003892;;;;2806894;
666684;9965107;827;2025;O;1º de CFGS (LOFP) - Administración y Finanzas;1º AF V;N;02/07/2025;2003892;;;;2805343;
672097;10076286;827;2025;O;1º de CFGS (LOFP) - Administración y Finanzas;1º AF V;N;04/07/2025;2003892;;;;2805377;
624369;10115683;827;2025;O;1º de CFGS (LOFP) - Administración y Finanzas;1º AF V;N;16/07/2025;2003892;;;;2806871;
681090;10164072;827;2025;O;1º de CFGS (LOFP) - Administración y Finanzas;1º AF V;N;02/09/2025;2003892;;;;2806893;
294084;10162008;827;2025;O;1º de CFGS (LOFP) - Administración y Finanzas;1º AF V;N;01/09/2025;2003892;;;;2806885;
669582;10106507;827;2025;O;1º de CFGS (LOFP) - Administración y Finanzas;1º AF V;N;11/07/2025;2003892;;;;2806859;
692831;10162150;827;2025;O;1º de CFGS (LOFP) - Administración y Finanzas;1º AF V;N;01/09/2025;2003892;;;;2806886;
1635988;10195842;827;2025;O;1º de CFGS (LOFP) - Administración y Finanzas;1º AF V;N;11/09/2025;2003892;;;;2806918;
380626;10203982;827;2025;O;1º de CFGS (LOFP) - Administración y Finanzas;1º AF V;N;15/09/2025;2003892;;;;2806920;
727670;10094542;827;2025;O;1º de CFGS (LOFP) - Administración y Finanzas;1º AF V;N;09/07/2025;2003892;;;;1406;
543599;10115554;827;2025;O;1º de CFGS (LOFP) - Administración y Finanzas;1º AF V;N;16/07/2025;2003892;;;;2188038;
720256;10115654;827;2025;O;1º de CFGS (LOFP) - Administración y Finanzas;1º AF V;N;16/07/2025;2003892;;Anulada;09/09/2025;2806868;
598568;10172516;827;2025;O;1º de CFGS (LOFP) - Administración y Finanzas;1º AF V;N;04/09/2025;2003892;;;;2806906;
682807;10048091;827;2025;O;1º de CFGS (LOFP) - Administración y Finanzas;1º AF V;N;03/07/2025;2003892;;;;2806760;
227037;10176867;827;2025;O;1º de CFGS (LOFP) - Administración y Finanzas;1º AF V;N;05/09/2025;2003892;;Anulada;06/10/2025;8968;
184398;10187448;827;2025;O;1º de CFGS (LOFP) - Administración y Finanzas;1º AF V;N;09/09/2025;2003892;;Anulada;15/01/2026;2806911;
670593;10016816;827;2025;O;1º de CFGS (LOFP) - Administración y Finanzas;1º AF V;N;02/07/2025;2003892;;;;2806695;
312570;10069591;827;2025;O;1º de CFGS (LOFP) - Administración y Finanzas;1º AF V;N;04/07/2025;2003892;;;;2805784;
540884;10114949;827;2025;O;1º de CFGS (LOFP) - Administración y Finanzas;1º AF V;N;16/07/2025;2003892;;Anulada;23/09/2025;2806864;
303018;10051042;827;2025;O;1º de CFGS (LOFP) - Administración y Finanzas;1º AF V;N;03/07/2025;2003892;;;;2806764;
517459;9986480;827;2025;O;1º de CFGS (LOFP) - Administración y Finanzas;1º AF V;N;02/07/2025;2003892;;;;2805405;
1589086;10191390;827;2025;O;1º de CFGS (LOFP) - Administración y Finanzas;X1º AF D;N;10/09/2025;2003892;;Anulada;28/11/2025;2806917;
629249;10057431;827;2025;O;1º de CFGS (LOFP) - Administración y Finanzas;X1º AF D;N;03/07/2025;2003892;;;;2806791;
356911;10038587;827;2025;O;1º de CFGS (LOFP) - Administración y Finanzas;X1º AF V;N;03/07/2025;2003892;;;;2806693;
721798;10021345;827;2025;O;1º de CFGS (LOFP) - Administración y Finanzas;;N;02/07/2025;2003892;;Anulada;05/09/2025;2806718;
722001;10068127;827;2025;O;1º de CFGS (LOFP) - Administración y Finanzas;;N;04/07/2025;2003892;;Anulada;10/07/2025;2806801;
728608;10072695;827;2025;O;1º de CFGS (LOFP) - Administración y Finanzas;;N;04/07/2025;2003892;;Anulada;10/07/2025;2806803;
673214;10057432;827;2025;O;1º de CFGS (LOFP) - Administración y Finanzas;;N;03/07/2025;2003892;;Anulada;12/09/2025;2189284;
474146;10095466;827;2025;O;1º de CFGS (LOFP) - Administración y Finanzas;;N;09/07/2025;2003892;;Anulada;11/07/2025;2805783;
356911;10015425;827;2025;O;1º de CFGS (LOFP) - Administración y Finanzas;;N;02/07/2025;2003892;;Anulada;02/07/2025;2806693;
982476;9992021;827;2025;O;1º de CFGS (LOFP) - Administración y Finanzas;;N;02/07/2025;2003892;;Anulada;03/09/2025;2806644;
718624;10083313;827;2025;O;1º de CFGS (LOFP) - Administración y Finanzas;;N;07/07/2025;2003892;;Anulada;09/07/2025;2806809;
740501;10107127;827;2025;O;1º de CFGS (LOFP) - Administración y Finanzas;;N;11/07/2025;2003892;;Anulada;12/09/2025;2806857;
595390;10058362;827;2025;O;1º de CFGS (LOFP) - Administración y Finanzas;;N;04/07/2025;2003892;;Anulada;10/07/2025;2806794;
728960;10053916;827;2025;O;1º de CFGS (LOFP) - Administración y Finanzas;;N;03/07/2025;2003892;;Anulada;10/07/2025;2806781;
728693;10008845;827;2025;O;1º de CFGS (LOFP) - Administración y Finanzas;;N;02/07/2025;2003892;;Anulada;10/07/2025;1418;
61196;9987423;827;2025;O;1º de CFGS (LOFP) - Administración y Finanzas;;N;02/07/2025;2003892;;Anulada;09/07/2025;2806639;
50319;9758276;827;2025;O;2º de CFGS (LOFP) - Administración y Finanzas;2º AF V;N;25/06/2025;2003892;2003892;;;2806050;
1327160;9751993;827;2025;O;2º de CFGS (LOFP) - Administración y Finanzas;2º AF V;N;23/06/2025;2003892;2003892;;;2806160;
591360;9746684;827;2025;O;2º de CFGS (LOFP) - Administración y Finanzas;2º AF V;N;20/06/2025;2003892;2003892;;;2806081;
177698;9745479;827;2025;O;2º de CFGS (LOFP) - Administración y Finanzas;2º AF V;N;20/06/2025;2003892;2003892;;;2806154;
382006;9756757;827;2025;O;2º de CFGS (LOFP) - Administración y Finanzas;2º AF V;N;25/06/2025;2003892;2003892;;;2805981;
190095;9753592;827;2025;O;2º de CFGS (LOFP) - Administración y Finanzas;2º AF V;N;23/06/2025;2003892;2003892;;;2806165;
626976;9759308;827;2025;O;2º de CFGS (LOFP) - Administración y Finanzas;2º AF V;N;25/06/2025;2003892;2003892;;;2806466;
173440;9743968;827;2025;O;2º de CFGS (LOFP) - Administración y Finanzas;2º AF V;N;20/06/2025;2003892;2003892;;;8228;
523082;9760501;827;2025;O;2º de CFGS (LOFP) - Administración y Finanzas;2º AF V;N;25/06/2025;2003892;2003892;;;2188382;
381890;9745901;827;2025;O;2º de CFGS (LOFP) - Administración y Finanzas;2º AF V;N;20/06/2025;2003892;2003892;;;2805952;
1090321;9744437;827;2025;O;2º de CFGS (LOFP) - Administración y Finanzas;2º AF V;N;20/06/2025;2003892;2003892;;;8086;
659946;9752022;827;2025;O;2º de CFGS (LOFP) - Administración y Finanzas;2º AF V;N;23/06/2025;2003892;2003892;;;2806072;
523028;9755502;827;2025;O;2º de CFGS (LOFP) - Administración y Finanzas;2º AF V;N;24/06/2025;2003892;2003892;;;2805766;
606577;9800730;827;2025;O;2º de CFGS (LOFP) - Administración y Finanzas;2º AF V;N;26/06/2025;2003892;2003892;;;2805941;
449908;9759632;827;2025;O;2º de CFGS (LOFP) - Administración y Finanzas;2º AF V;N;25/06/2025;2003892;2003892;Anulada;19/09/2025;2188370;
375640;9750606;827;2025;O;2º de CFGS (LOFP) - Administración y Finanzas;2º AF V;N;23/06/2025;2003892;2003892;;;2806112;
680554;9757615;827;2025;O;2º de CFGS (LOFP) - Administración y Finanzas;2º AF V;N;25/06/2025;2003892;2003892;;;2805947;
842243;9748591;827;2025;O;2º de CFGS (LOFP) - Administración y Finanzas;2º AF V;N;22/06/2025;2003892;2003892;;;7777;
47122;9746388;827;2025;O;2º de CFGS (LOFP) - Administración y Finanzas;2º AF V;N;20/06/2025;2003892;2004379;;;2806434;
660502;9747985;827;2025;O;2º de CFGS (LOFP) - Administración y Finanzas;2º AF V;N;20/06/2025;2003892;2003892;;;1375;
374845;9747604;827;2025;O;2º de CFGS (LOFP) - Administración y Finanzas;2º AF V;S;20/06/2025;2003892;2003892;;;2187877;
1282610;9748513;827;2025;O;2º de CFGS (LOFP) - Administración y Finanzas;2ºAFD-BL;N;22/06/2025;2003892;2003892;;;2805909;PB-ING, Inglés 
492373;9749342;827;2025;O;2º de CFGS (LOFP) - Administración y Finanzas;2ºAFD-BL;N;21/06/2025;2003892;2003892;;;2188930;PB-ING, Inglés 
660728;9745623;827;2025;O;2º de CFGS (LOFP) - Administración y Finanzas;2ºAFD-BL;N;20/06/2025;2003892;2003892;;;2805933;PB-ING, Inglés 
1214799;9748578;827;2025;O;2º de CFGS (LOFP) - Administración y Finanzas;2ºAFD-BL;N;22/06/2025;2003892;2003892;;;2806063;PB-ING, Inglés 
179082;9755515;827;2025;O;2º de CFGS (LOFP) - Administración y Finanzas;2ºAFD-BL;N;24/06/2025;2003892;2003892;;;2805930;PB-ING, Inglés 
380620;9747228;827;2025;O;2º de CFGS (LOFP) - Administración y Finanzas;2ºAFD-BL;N;20/06/2025;2003892;2003892;;;2188972;PB-ING, Inglés 
683105;9746217;827;2025;O;2º de CFGS (LOFP) - Administración y Finanzas;2ºAFD-BL;N;20/06/2025;2003892;2003892;;;2805157;PB-ING, Inglés 
618298;9757119;827;2025;O;2º de CFGS (LOFP) - Administración y Finanzas;2ºAFD-BL;N;24/06/2025;2003892;2003892;;;2806044;PB-ING, Inglés 
617457;9756976;827;2025;O;2º de CFGS (LOFP) - Administración y Finanzas;2ºAFD-BL;N;24/06/2025;2003892;2003892;;;2805943;PB-ING, Inglés 
895222;9748722;827;2025;O;2º de CFGS (LOFP) - Administración y Finanzas;2ºAFD-BL;N;22/06/2025;2003892;2003892;;;2188976;PB-ING, Inglés 
374989;9747918;827;2025;O;2º de CFGS (LOFP) - Administración y Finanzas;2ºAFD-BL;N;20/06/2025;2003892;2003892;Anulada;11/09/2025;942;PB-ING, Inglés 
675117;9747599;827;2025;O;2º de CFGS (LOFP) - Administración y Finanzas;2ºAFD-BL;N;20/06/2025;2003892;2003892;;;2188883;PB-ING, Inglés 
592348;9746440;827;2025;O;2º de CFGS (LOFP) - Administración y Finanzas;2ºAFD-BL;N;20/06/2025;2003892;2003892;;;2189068;PB-ING, Inglés 
158495;9992829;827;2025;O;2º de CFGS (LOFP) - Administración y Finanzas;X2º AF V;N;02/07/2025;2003892;;Anulada;18/09/2025;7107;
1656208;9971492;827;2025;O;2º de CFGS (LOFP) - Administración y Finanzas;2º AF V BL;N;02/07/2025;2003892;;;;2806153;PB-ING, Inglés 
1006177;9791891;827;2025;O;2º de CFGS (LOFP) - Administración y Finanzas;2º AF V BL;N;26/06/2025;2003892;2003892;;;2806043;PB-ING, Inglés 
853764;10003690;827;2025;O;2º de CFGS (LOFP) - Administración y Finanzas;2º AF V BL;N;02/07/2025;2003892;;;;2806405;PB-ING, Inglés 
975476;9760392;827;2025;O;2º de CFGS (LOFP) - Administración y Finanzas;2º AF V BL;N;25/06/2025;2003892;2003892;;;2806115;PB-ING, Inglés 
1680092;9752340;827;2025;O;2º de CFGS (LOFP) - Administración y Finanzas;2º AF V BL;N;23/06/2025;2003892;2003892;;;2806443;PB-ING, Inglés 
371613;10009232;827;2025;O;2º de CFGS (LOFP) - Administración y Finanzas;2º AF V BL;N;02/07/2025;2003892;;;;2806386;PB-ING, Inglés 
623463;9747899;827;2025;O;2º de CFGS (LOFP) - Administración y Finanzas;2º AF D;N;20/06/2025;2003892;2003892;;;2806155;
660028;9753683;827;2025;O;2º de CFGS (LOFP) - Administración y Finanzas;2º AF D;N;23/06/2025;2003892;2003892;;;2805928;
605097;9748228;827;2025;O;2º de CFGS (LOFP) - Administración y Finanzas;2º AF D;N;21/06/2025;2003892;2003892;;;2805974;
516069;9747419;827;2025;O;2º de CFGS (LOFP) - Administración y Finanzas;2º AF D;N;20/06/2025;2003892;2003892;;;2806073;
525567;10036317;827;2025;O;2º de CFGS (LOFP) - Administración y Finanzas;2º AF D;N;03/07/2025;2003892;;;;2188395;
448795;9746139;827;2025;O;2º de CFGS (LOFP) - Administración y Finanzas;2º AF D;N;20/06/2025;2003892;2003892;;;2188400;
692458;10117467;827;2025;O;2º de CFGS (LOFP) - Administración y Finanzas;2º AF D;N;21/07/2025;2003892;2003892;;;2188926;
675014;10066963;827;2025;O;2º de CFGS (LOFP) - Administración y Finanzas;2º AF D;N;04/07/2025;2003892;2004604;;;2806800;
682689;9750706;827;2025;O;2º de CFGS (LOFP) - Administración y Finanzas;2º AF D;N;23/06/2025;2003892;2003892;;;2805990;
143735;9750731;827;2025;O;2º de CFGS (LOFP) - Administración y Finanzas;2º AF D;N;23/06/2025;2003892;2003892;;;2189314;
600682;9759663;827;2025;O;2º de CFGS (LOFP) - Administración y Finanzas;2º AF D;N;25/06/2025;2003892;2003892;;;2805978;
74010;10073067;827;2025;O;2º de CFGS (LOFP) - Administración y Finanzas;2º AF D;N;04/07/2025;2003892;;;;2805388;
674092;9756186;827;2025;O;2º de CFGS (LOFP) - Administración y Finanzas;2º AF D;N;24/06/2025;2003892;2003892;;;2805951;
517701;9749960;827;2025;O;2º de CFGS (LOFP) - Administración y Finanzas;2º AF D;N;22/06/2025;2003892;2003892;;;2806074;
658837;9756492;827;2025;O;2º de CFGS (LOFP) - Administración y Finanzas;2º AF D;N;24/06/2025;2003892;2003892;;;2806056;
592884;9748912;827;2025;O;2º de CFGS (LOFP) - Administración y Finanzas;2º AF D;N;21/06/2025;2003892;2003892;;;2805899;
548734;9748532;827;2025;O;2º de CFGS (LOFP) - Administración y Finanzas;2º AF D;S;22/06/2025;2003892;2003892;;;2805385;
343714;9752885;827;2025;O;2º de CFGS (LOFP) - Administración y Finanzas;2º AF D;S;23/06/2025;2003892;2003892;;;2188997;
623680;9757237;827;2025;O;2º de CFGS (LOFP) - Administración y Finanzas;2º AF D;N;24/06/2025;2003892;2003892;;;2806104;
847539;10002440;1686;2025;O;1º CFGB (LOFP) - Informática de oficina;X1 CFGB IO;N;02/07/2025;2003892;;;;2806658;
759680;9926589;1686;2025;O;1º CFGB (LOFP) - Informática de oficina;1º CFGB IO;N;01/07/2025;2003892;;;;1675;
716660;10064125;1686;2025;O;1º CFGB (LOFP) - Informática de oficina;1º CFGB IO;S;04/07/2025;2003892;2003892;Anulada;03/02/2026;2806001;
949413;10013415;1686;2025;O;1º CFGB (LOFP) - Informática de oficina;1º CFGB IO;N;02/07/2025;2003892;;;;2806682;
862076;9928706;1686;2025;O;1º CFGB (LOFP) - Informática de oficina;1º CFGB IO;N;01/07/2025;2003892;;;;2806586;
1687446;9993164;1686;2025;O;1º CFGB (LOFP) - Informática de oficina;1º CFGB IO;N;02/07/2025;2003892;;;;2806547;
865093;9946566;1686;2025;O;1º CFGB (LOFP) - Informática de oficina;1º CFGB IO;N;01/07/2025;2003892;;;;2806608;
868450;9865181;1686;2025;O;1º CFGB (LOFP) - Informática de oficina;1º CFGB IO;N;01/07/2025;2003892;;;;2806485;
859104;10115399;1686;2025;O;1º CFGB (LOFP) - Informática de oficina;1º CFGB IO;N;15/07/2025;2003892;;;;2806860;
863066;10207932;1686;2025;O;1º CFGB (LOFP) - Informática de oficina;1º CFGB IO;N;16/09/2025;2003892;;;;2806924;
800981;10089539;1686;2025;O;1º CFGB (LOFP) - Informática de oficina;1º CFGB IO;S;08/07/2025;2003892;2003892;;;9226;
908617;10008195;1686;2025;O;1º CFGB (LOFP) - Informática de oficina;1º CFGB IO;N;02/07/2025;2003892;;;;2806663;
938336;9909133;1686;2025;O;1º CFGB (LOFP) - Informática de oficina;1º CFGB IO;N;01/07/2025;2003892;;;;2189193;
942960;9930795;1686;2025;O;1º CFGB (LOFP) - Informática de oficina;1º CFGB IO;N;01/07/2025;2003892;;;;2806595;
918041;9967325;1686;2025;O;1º CFGB (LOFP) - Informática de oficina;1º CFGB IO;N;02/07/2025;2003892;;;;2806615;
875128;10031325;1686;2025;O;1º CFGB (LOFP) - Informática de oficina;1º CFGB IO;N;03/07/2025;2003892;;;;2189066;
1525302;10002978;1686;2025;O;1º CFGB (LOFP) - Informática de oficina;1º CFGB IO;S;02/07/2025;2003892;2003892;;;2806096;
1296084;10025787;1686;2025;O;1º CFGB (LOFP) - Informática de oficina;1º CFGB IO;N;03/07/2025;2003892;;;;1656;
863357;9950687;1686;2025;O;1º CFGB (LOFP) - Informática de oficina;1º CFGB IO;N;02/07/2025;2003892;;;;9238;
847558;10242624;1686;2025;O;1º CFGB (LOFP) - Informática de oficina;1º CFGB IO;N;24/09/2025;2003892;;;;2807155;
861764;9758886;1686;2025;O;2º CFGB (LOFP) - Servicios Administrativos;2º CFGB SA;N;25/06/2025;2003892;2003892;;;2188320;
799943;9758203;1686;2025;O;2º CFGB (LOFP) - Servicios Administrativos;2º CFGB SA;N;25/06/2025;2003892;2003892;;;1469;
795351;9759639;1686;2025;O;2º CFGB (LOFP) - Servicios Administrativos;2º CFGB SA;N;25/06/2025;2003892;2003892;;;9087;
951401;9757626;1686;2025;O;2º CFGB (LOFP) - Servicios Administrativos;2º CFGB SA;N;25/06/2025;2003892;2003892;;;2189269;
799102;9769059;1686;2025;O;2º CFGB (LOFP) - Servicios Administrativos;2º CFGB SA;N;26/06/2025;2003892;2003892;;;2805995;
790234;9781348;1686;2025;O;2º CFGB (LOFP) - Servicios Administrativos;2º CFGB SA;S;26/06/2025;2003892;;;;2805502;
348908;10056459;799;2025;O;1º de CFGM (LOFP) - Sistemas Microinformáticos y Redes;1º SMR D;N;03/07/2025;2003892;;;;2806789;
410813;10061529;799;2025;O;1º de CFGM (LOFP) - Sistemas Microinformáticos y Redes;1º SMR D;N;04/07/2025;2003892;;Anulada;23/09/2025;2806797;
662666;9996050;799;2025;O;1º de CFGM (LOFP) - Sistemas Microinformáticos y Redes;1º SMR D;N;02/07/2025;2003892;;;;2189285;
728611;9760151;799;2025;O;1º de CFGM (LOFP) - Sistemas Microinformáticos y Redes;1º SMR D;S;25/06/2025;2003892;2003892;;;2806097;
1506989;10103372;799;2025;O;1º de CFGM (LOFP) - Sistemas Microinformáticos y Redes;1º SMR D;N;10/07/2025;2003892;;;;2806180;
618348;9820680;799;2025;O;1º de CFGM (LOFP) - Sistemas Microinformáticos y Redes;1º SMR D;S;27/06/2025;2003892;2003892;;;2189024;
800517;10051542;799;2025;O;1º de CFGM (LOFP) - Sistemas Microinformáticos y Redes;1º SMR D;N;03/07/2025;2003892;;;;2806765;
758134;10021011;799;2025;O;1º de CFGM (LOFP) - Sistemas Microinformáticos y Redes;1º SMR D;N;02/07/2025;2003892;;;;2806726;
876625;10009760;799;2025;O;1º de CFGM (LOFP) - Sistemas Microinformáticos y Redes;1º SMR D;N;02/07/2025;2003892;;;;2806665;
720109;10016494;799;2025;O;1º de CFGM (LOFP) - Sistemas Microinformáticos y Redes;1º SMR D;N;02/07/2025;2003892;;;;2806701;
319817;10024729;799;2025;O;1º de CFGM (LOFP) - Sistemas Microinformáticos y Redes;1º SMR D;N;03/07/2025;2003892;;Anulada;13/10/2025;2806731;
794328;10018207;799;2025;O;1º de CFGM (LOFP) - Sistemas Microinformáticos y Redes;1º SMR D;N;02/07/2025;2003892;;;;2806710;
674705;10013482;799;2025;O;1º de CFGM (LOFP) - Sistemas Microinformáticos y Redes;1º SMR D;N;02/07/2025;2003892;;;;2806379;
673310;9973724;799;2025;O;1º de CFGM (LOFP) - Sistemas Microinformáticos y Redes;1º SMR D;N;02/07/2025;2003892;;Anulada;17/12/2025;2189249;
530149;9968188;799;2025;O;1º de CFGM (LOFP) - Sistemas Microinformáticos y Redes;1º SMR D;N;02/07/2025;2003892;;;;2806376;
659172;9965954;799;2025;O;1º de CFGM (LOFP) - Sistemas Microinformáticos y Redes;1º SMR D;N;02/07/2025;2003892;;;;2806614;
864293;10025140;799;2025;O;1º de CFGM (LOFP) - Sistemas Microinformáticos y Redes;1º SMR D;N;03/07/2025;2003892;;;;1529;
718459;9974620;799;2025;O;1º de CFGM (LOFP) - Sistemas Microinformáticos y Redes;1º SMR D;N;02/07/2025;2003892;;Anulada;09/10/2025;2806622;
856745;9998386;799;2025;O;1º de CFGM (LOFP) - Sistemas Microinformáticos y Redes;1º SMR D;N;02/07/2025;2003892;;;;2806653;
532886;9758302;799;2025;O;1º de CFGM (LOFP) - Sistemas Microinformáticos y Redes;1º SMR D;S;25/06/2025;2003892;2003892;;;2806417;
809560;10011687;799;2025;O;1º de CFGM (LOFP) - Sistemas Microinformáticos y Redes;1º SMR D;N;02/07/2025;2003892;;;;2806673;
745536;9970330;799;2025;O;1º de CFGM (LOFP) - Sistemas Microinformáticos y Redes;1º SMR D;N;02/07/2025;2003892;;;;2806619;
854781;9976197;799;2025;O;1º de CFGM (LOFP) - Sistemas Microinformáticos y Redes;1º SMR D;N;02/07/2025;2003892;;;;1536;
792416;10011522;799;2025;O;1º de CFGM (LOFP) - Sistemas Microinformáticos y Redes;1º SMR D;N;02/07/2025;2003892;;;;2806672;
605154;9972510;799;2025;O;1º de CFGM (LOFP) - Sistemas Microinformáticos y Redes;1º SMR D;N;02/07/2025;2003892;;;;2806621;
717168;10032432;799;2025;O;1º de CFGM (LOFP) - Sistemas Microinformáticos y Redes;1º SMR D;N;03/07/2025;2003892;;;;2806741;
522415;10014220;799;2025;O;1º de CFGM (LOFP) - Sistemas Microinformáticos y Redes;1º SMR D;N;02/07/2025;2003892;;Anulada;25/09/2025;1159;
716793;9985022;799;2025;O;1º de CFGM (LOFP) - Sistemas Microinformáticos y Redes;1º SMR D;N;02/07/2025;2003892;;;;2806635;
660466;10024073;799;2025;O;1º de CFGM (LOFP) - Sistemas Microinformáticos y Redes;1º SMR D;N;02/07/2025;2003892;;;;2806729;
740809;10012513;799;2025;O;1º de CFGM (LOFP) - Sistemas Microinformáticos y Redes;1º SMR D;N;02/07/2025;2003892;;;;2806675;
1285400;10040055;799;2025;O;1º de CFGM (LOFP) - Sistemas Microinformáticos y Redes;1º SMR D;N;03/07/2025;2003892;;;;2806752;
660249;9744792;799;2025;O;1º de CFGM (LOFP) - Sistemas Microinformáticos y Redes;1º SMR D;S;20/06/2025;2003892;2003892;;;2805969;
811858;10084524;799;2025;O;1º de CFGM (LOFP) - Sistemas Microinformáticos y Redes;X1º SMR D;N;07/07/2025;2003892;;Anulada;17/11/2025;2806811;
729002;10110860;799;2025;O;1º de CFGM (LOFP) - Sistemas Microinformáticos y Redes;1º SMR V;N;14/07/2025;2003892;;Anulada;24/02/2026;2805315;
1721845;10094976;799;2025;O;1º de CFGM (LOFP) - Sistemas Microinformáticos y Redes;1º SMR V;N;09/07/2025;2003892;;Anulada;29/01/2026;2806822;
721824;10006500;799;2025;O;1º de CFGM (LOFP) - Sistemas Microinformáticos y Redes;1º SMR V;N;02/07/2025;2003892;;;;2806660;
741569;10050713;799;2025;O;1º de CFGM (LOFP) - Sistemas Microinformáticos y Redes;1º SMR V;N;03/07/2025;2003892;;;;2806766;
728452;10164993;799;2025;O;1º de CFGM (LOFP) - Sistemas Microinformáticos y Redes;1º SMR V;N;02/09/2025;2003892;;Anulada;18/09/2025;2806891;
857960;10019073;799;2025;O;1º de CFGM (LOFP) - Sistemas Microinformáticos y Redes;1º SMR V;N;02/07/2025;2003892;;;;2806709;
863058;10116147;799;2025;O;1º de CFGM (LOFP) - Sistemas Microinformáticos y Redes;1º SMR V;N;16/07/2025;2003892;;;;2806704;
861927;9973938;799;2025;O;1º de CFGM (LOFP) - Sistemas Microinformáticos y Redes;1º SMR V;N;02/07/2025;2003892;;;;1513;
816248;10095670;799;2025;O;1º de CFGM (LOFP) - Sistemas Microinformáticos y Redes;1º SMR V;N;09/07/2025;2003892;;;;2806837;
727859;10015343;799;2025;O;1º de CFGM (LOFP) - Sistemas Microinformáticos y Redes;1º SMR V;N;02/07/2025;2003892;;;;2806691;
746564;9976661;799;2025;O;1º de CFGM (LOFP) - Sistemas Microinformáticos y Redes;1º SMR V;N;02/07/2025;2003892;;;;2806624;
662765;10009252;799;2025;O;1º de CFGM (LOFP) - Sistemas Microinformáticos y Redes;1º SMR V;N;02/07/2025;2003892;;;;1474;
716454;10115706;799;2025;O;1º de CFGM (LOFP) - Sistemas Microinformáticos y Redes;1º SMR V;N;16/07/2025;2003892;;;;2806874;
792098;10094898;799;2025;O;1º de CFGM (LOFP) - Sistemas Microinformáticos y Redes;1º SMR V;N;09/07/2025;2003892;;;;2806818;
789849;10236653;799;2025;O;1º de CFGM (LOFP) - Sistemas Microinformáticos y Redes;1º SMR V;N;23/09/2025;2003892;;;;2807141;
762013;10023479;799;2025;O;1º de CFGM (LOFP) - Sistemas Microinformáticos y Redes;1º SMR V;N;02/07/2025;2003892;;;;2806728;
392414;10020755;799;2025;O;1º de CFGM (LOFP) - Sistemas Microinformáticos y Redes;1º SMR V;N;02/07/2025;2003892;;;;2806717;
723011;10104000;799;2025;O;1º de CFGM (LOFP) - Sistemas Microinformáticos y Redes;1º SMR V;N;11/07/2025;2003892;;;;2806855;
754607;9978510;799;2025;O;1º de CFGM (LOFP) - Sistemas Microinformáticos y Redes;1º SMR V;N;02/07/2025;2003892;;;;2806626;
1421311;10018033;799;2025;O;1º de CFGM (LOFP) - Sistemas Microinformáticos y Redes;1º SMR V;N;02/07/2025;2003892;;Anulada;20/01/2026;2806705;
661898;9757514;799;2025;O;1º de CFGM (LOFP) - Sistemas Microinformáticos y Redes;1º SMR V;S;25/06/2025;2003892;2003892;;;2806132;
598460;9981519;799;2025;O;1º de CFGM (LOFP) - Sistemas Microinformáticos y Redes;1º SMR V;N;02/07/2025;2003892;;;;9163;
863481;10040118;799;2025;O;1º de CFGM (LOFP) - Sistemas Microinformáticos y Redes;1º SMR V;N;03/07/2025;2003892;;;;2806753;
761466;10036956;799;2025;O;1º de CFGM (LOFP) - Sistemas Microinformáticos y Redes;1º SMR V;N;03/07/2025;2003892;;;;2806749;
801560;10226193;799;2025;O;1º de CFGM (LOFP) - Sistemas Microinformáticos y Redes;1º SMR V;N;19/09/2025;2003892;;;;2806667;
726535;9754075;799;2025;O;1º de CFGM (LOFP) - Sistemas Microinformáticos y Redes;1º SMR V;S;24/06/2025;2003892;2003892;;;2806164;
868506;10285323;799;2025;O;1º de CFGM (LOFP) - Sistemas Microinformáticos y Redes;1º SMR V;N;09/10/2025;2003892;;;;2806779;
724002;10226137;799;2025;O;1º de CFGM (LOFP) - Sistemas Microinformáticos y Redes;1º SMR V;N;19/09/2025;2003892;;;;2806774;
592909;9968568;799;2025;O;1º de CFGM (LOFP) - Sistemas Microinformáticos y Redes;1º SMR V;N;02/07/2025;2003892;;;;2188329;
1719558;10309323;799;2025;O;1º de CFGM (LOFP) - Sistemas Microinformáticos y Redes;1º SMR V;N;20/10/2025;2003892;;;;2807208;
815283;10279922;799;2025;O;1º de CFGM (LOFP) - Sistemas Microinformáticos y Redes;1º SMR V;N;08/10/2025;2003892;;;;2806618;
761077;10165507;799;2025;O;1º de CFGM (LOFP) - Sistemas Microinformáticos y Redes;X1º SMR V;N;02/09/2025;2003892;;Anulada;13/11/2025;2806795;
790177;10015462;799;2025;O;1º de CFGM (LOFP) - Sistemas Microinformáticos y Redes;;N;02/07/2025;2003892;;Anulada;16/07/2025;2806694;
661286;10016990;799;2025;O;1º de CFGM (LOFP) - Sistemas Microinformáticos y Redes;;N;02/07/2025;2003892;;Anulada;19/09/2025;2806699;
733594;10054978;827;2025;O;1º de CFGS (LOFP) - Asistencia a la Dirección;X1º AD V;N;03/07/2025;2003892;;;;2806782;
591028;10095177;827;2025;O;1º de CFGS (LOFP) - Asistencia a la Dirección;X1º AD V;N;09/07/2025;2003892;;Anulada;12/09/2025;2806055;
721572;10055170;827;2025;O;1º de CFGS (LOFP) - Asistencia a la Dirección;X1º AD V;N;03/07/2025;2003892;;Anulada;12/09/2025;2806788;
674616;10019872;827;2025;O;1º de CFGS (LOFP) - Asistencia a la Dirección;X1º AD V;N;02/07/2025;2003892;;Anulada;06/11/2025;2806711;
680398;10218399;827;2025;O;1º de CFGS (LOFP) - Asistencia a la Dirección;X1º AD V;N;17/09/2025;2003892;;Anulada;23/09/2025;2806931;
511712;10056979;827;2025;O;1º de CFGS (LOFP) - Asistencia a la Dirección;X1º AD V;N;03/07/2025;2003892;;;;2805785;
674638;10043417;827;2025;O;1º de CFGS (LOFP) - Asistencia a la Dirección;1º AD V;N;03/07/2025;2003892;;;;2806758;
474146;10060642;827;2025;O;1º de CFGS (LOFP) - Asistencia a la Dirección;1º AD V;N;04/07/2025;2003892;;Anulada;09/07/2025;2805783;
720737;10003621;827;2025;O;1º de CFGS (LOFP) - Asistencia a la Dirección;1º AD V;N;02/07/2025;2003892;;;;2806659;
1721701;10115972;827;2025;O;1º de CFGS (LOFP) - Asistencia a la Dirección;1º AD V;N;16/07/2025;2003892;;Anulada;09/09/2025;2806862;
158393;10102897;827;2025;O;1º de CFGS (LOFP) - Asistencia a la Dirección;1º AD V;N;10/07/2025;2003892;;Anulada;16/09/2025;2806846;
983091;10116090;827;2025;O;1º de CFGS (LOFP) - Asistencia a la Dirección;1º AD V;N;16/07/2025;2003892;;Anulada;09/09/2025;2806865;
718258;10218001;827;2025;O;1º de CFGS (LOFP) - Asistencia a la Dirección;1º AD V;N;17/09/2025;2003892;;;;2806930;
623953;10223824;827;2025;O;1º de CFGS (LOFP) - Asistencia a la Dirección;1º AD V;N;18/09/2025;2003892;;;;2806944;
729640;10102670;827;2025;O;1º de CFGS (LOFP) - Asistencia a la Dirección;1º AD V;N;10/07/2025;2003892;;;;2806852;
1596007;10094675;827;2025;O;1º de CFGS (LOFP) - Asistencia a la Dirección;1º AD V;N;09/07/2025;2003892;;;;2806828;
970216;10221851;827;2025;O;1º de CFGS (LOFP) - Asistencia a la Dirección;1º AD V;N;18/09/2025;2003892;;;;2806939;
1722281;10102491;827;2025;O;1º de CFGS (LOFP) - Asistencia a la Dirección;1º AD V;N;10/07/2025;2003892;;;;2806848;
680068;10029413;827;2025;O;1º de CFGS (LOFP) - Asistencia a la Dirección;1º AD V;N;03/07/2025;2003892;;;;2806737;
1724325;10115716;827;2025;O;1º de CFGS (LOFP) - Asistencia a la Dirección;1º AD V;N;17/07/2025;2003892;;;;2806875;
671871;10221997;827;2025;O;1º de CFGS (LOFP) - Asistencia a la Dirección;1º AD V;N;18/09/2025;2003892;;;;2806942;
740278;10221992;827;2025;O;1º de CFGS (LOFP) - Asistencia a la Dirección;1º AD V;N;18/09/2025;2003892;;;;2806941;
874873;10053296;827;2025;O;1º de CFGS (LOFP) - Asistencia a la Dirección;1º AD V;N;03/07/2025;2003892;;;;2188880;
659568;10221543;827;2025;O;1º de CFGS (LOFP) - Asistencia a la Dirección;1º AD V;N;18/09/2025;2003892;;;;1305;
983356;10094857;827;2025;O;1º de CFGS (LOFP) - Asistencia a la Dirección;1º AD V;N;09/07/2025;2003892;;Anulada;30/10/2025;2806817;
630105;10235840;827;2025;O;1º de CFGS (LOFP) - Asistencia a la Dirección;1º AD V;N;22/09/2025;2003892;;;;2805316;
1604937;10115040;827;2025;O;1º de CFGS (LOFP) - Asistencia a la Dirección;1º AD V;N;16/07/2025;2003892;;Anulada;22/09/2025;2806870;
603332;10103464;827;2025;O;1º de CFGS (LOFP) - Asistencia a la Dirección;1º AD V;N;10/07/2025;2003892;;Anulada;25/09/2025;2806851;
661665;10036897;827;2025;O;1º de CFGS (LOFP) - Asistencia a la Dirección;1º AD V;N;03/07/2025;2003892;;Anulada;19/09/2025;2806747;
792805;10225871;827;2025;O;1º de CFGS (LOFP) - Asistencia a la Dirección;1º AD V;N;19/09/2025;2003892;;;;2805300;
386473;10014497;827;2025;O;1º de CFGS (LOFP) - Asistencia a la Dirección;1º AD V;N;02/07/2025;2003892;;;;2806685;
595170;10258142;827;2025;O;1º de CFGS (LOFP) - Asistencia a la Dirección;1º AD V;N;29/09/2025;2003892;;;;2807172;
1379082;10095348;827;2025;O;1º de CFGS (LOFP) - Asistencia a la Dirección;1º AD V;N;09/07/2025;2003892;;;;2806820;
474146;10061181;827;2025;O;1º de CFGS (LOFP) - Asistencia a la Dirección;;N;04/07/2025;2003892;;Anulada;04/07/2025;2805783;
739415;10052228;827;2025;O;1º de CFGS (LOFP) - Asistencia a la Dirección;;N;03/07/2025;2003892;;Anulada;29/08/2025;2806778;
609287;9985253;827;2025;O;1º de CFGS (LOFP) - Asistencia a la Dirección;;N;02/07/2025;2003892;;Anulada;09/07/2025;2806637;
718125;10095918;827;2025;O;1º de CFGS (LOFP) - Asistencia a la Dirección;;N;09/07/2025;2003892;;Anulada;03/09/2025;2806839;
717236;10054484;827;2025;O;1º de CFGS (LOFP) - Asistencia a la Dirección;;N;03/07/2025;2003892;;Anulada;01/09/2025;2806786;
543599;10010759;827;2025;O;1º de CFGS (LOFP) - Asistencia a la Dirección;;N;02/07/2025;2003892;;Anulada;16/07/2025;2188038;
390930;10027267;827;2025;O;1º de CFGS (LOFP) - Asistencia a la Dirección;;N;03/07/2025;2003892;;Anulada;03/09/2025;2806736;
740476;10012177;827;2025;O;1º de CFGS (LOFP) - Asistencia a la Dirección;;N;02/07/2025;2003892;;Anulada;09/07/2025;2806677;
385194;10102668;827;2025;O;1º de CFGS (LOFP) - Asistencia a la Dirección;;N;10/07/2025;2003892;;Anulada;15/09/2025;966;
675106;10082680;827;2025;O;1º de CFGS (LOFP) - Asistencia a la Dirección;;N;07/07/2025;2003892;;Anulada;10/07/2025;2188928;
659202;9967857;827;2025;O;1º de CFGS (LOFP) - Asistencia a la Dirección;;N;02/07/2025;2003892;;Anulada;09/07/2025;1301;
294117;10226433;827;2025;O;1º de CFGS (LOFP) - Asistencia a la Dirección;;N;19/09/2025;2003892;;Anulada;19/09/2025;2807060;
548086;9760319;827;2025;O;2º de CFGS (LOFP) - Asistencia a la Dirección;X2º AD V;N;25/06/2025;2003892;2003892;Anulada;18/11/2025;2805984;
594769;9758308;827;2025;O;2º de CFGS (LOFP) - Asistencia a la Dirección;2º AD V;N;25/06/2025;2003892;2003892;;;2806045;
618235;9749850;827;2025;O;2º de CFGS (LOFP) - Asistencia a la Dirección;2º AD V;N;22/06/2025;2003892;2003892;;;2805972;
607404;10115772;827;2025;O;2º de CFGS (LOFP) - Asistencia a la Dirección;2º AD V;N;17/07/2025;2003892;;;;2806879;
624820;9758253;827;2025;O;2º de CFGS (LOFP) - Asistencia a la Dirección;2º AD V;N;25/06/2025;2003892;2003892;;;2806408;
389828;9747882;827;2025;O;2º de CFGS (LOFP) - Asistencia a la Dirección;2º AD V;N;20/06/2025;2003892;2003892;;;8668;
594860;10219328;827;2025;O;2º de CFGS (LOFP) - Asistencia a la Dirección;2º AD V;N;17/09/2025;2003892;;;;2805750;
617444;10222268;827;2025;O;2º de CFGS (LOFP) - Asistencia a la Dirección;2º AD V;N;18/09/2025;2003892;;;;2189308;
624697;10218931;827;2025;O;2º de CFGS (LOFP) - Asistencia a la Dirección;2º AD V;N;17/09/2025;2003892;;;;2806932;
1595257;9747240;827;2025;O;2º de CFGS (LOFP) - Asistencia a la Dirección;2º AD V;N;20/06/2025;2003892;2003892;;;2806046;
1737864;10225567;827;2025;O;2º de CFGS (LOFP) - Asistencia a la Dirección;2º AD V;N;19/09/2025;2003892;;Anulada;11/02/2026;2807059;
599592;9747204;827;2025;O;2º de CFGS (LOFP) - Asistencia a la Dirección;2º AD V;N;20/06/2025;2003892;2003892;;;2806057;
1672951;9795495;827;2025;O;2º de CFGS (LOFP) - Asistencia a la Dirección;2º AD V;N;26/06/2025;2003892;2003892;;;2806409;
386240;9746795;827;2025;O;2º de CFGS (LOFP) - Asistencia a la Dirección;2º AD V;N;20/06/2025;2003892;2003892;;;2806110;
1673422;9795468;827;2025;O;2º de CFGS (LOFP) - Asistencia a la Dirección;2º AD V;N;26/06/2025;2003892;2003892;;;2806419;
606969;10014242;827;2025;O;2º de CFGS (LOFP) - Asistencia a la Dirección;2º AD V;N;02/07/2025;2003892;;;;2806684;
671845;9791453;827;2025;O;2º de CFGS (LOFP) - Asistencia a la Dirección;2º AD V BL;N;26/06/2025;2003892;2003892;Anulada;19/09/2025;2806019;PB-ING, Inglés 
592347;9753411;827;2025;O;2º de CFGS (LOFP) - Asistencia a la Dirección;2º AD V BL;N;23/06/2025;2003892;2003892;;;2806235;PB-ING, Inglés 
375675;9750010;827;2025;O;2º de CFGS (LOFP) - Asistencia a la Dirección;2º AD V BL;N;22/06/2025;2003892;2003892;;;2806100;PB-ING, Inglés 
670256;9746211;827;2025;O;2º de CFGS (LOFP) - Asistencia a la Dirección;2º AD V BL;N;20/06/2025;2003892;2003892;;;2805987;PB-ING, Inglés 
528517;9748411;827;2025;O;2º de CFGS (LOFP) - Asistencia a la Dirección;2º AD V BL;N;21/06/2025;2003892;2003892;Anulada;19/02/2026;1101;PB-ING, Inglés 
473886;9752764;827;2025;O;2º de CFGS (LOFP) - Asistencia a la Dirección;2º AD V BL;N;23/06/2025;2003892;2003892;;;2805606;PB-ING, Inglés 
1650070;10053963;827;2025;O;2º de CFGS (LOFP) - Asistencia a la Dirección;;N;03/07/2025;2003892;;Anulada;09/07/2025;2806134;
525567;9753803;827;2025;O;2º de CFGS (LOFP) - Asistencia a la Dirección;;N;24/06/2025;2003892;2003892;Anulada;03/07/2025;2188395;
371613;9795491;827;2025;O;2º de CFGS (LOFP) - Asistencia a la Dirección;;N;26/06/2025;2003892;2003892;Anulada;02/07/2025;2806386;
74010;9800021;827;2025;O;2º de CFGS (LOFP) - Asistencia a la Dirección;;N;26/06/2025;2003892;2003892;Anulada;04/07/2025;2805388;
853764;9794247;827;2025;O;2º de CFGS (LOFP) - Asistencia a la Dirección;;N;26/06/2025;2003892;2003892;Anulada;02/07/2025;2806405;
601720;9747615;827;2025;O;2º de CFGS (LOFP) - Asistencia a la Dirección;2º AD V;N;20/06/2025;2003892;2003892;;;2806381;
789326;10206853;1686;2025;O;2º CFGB (LOFP) - Informática de oficina;2º CFGB IO;N;16/09/2025;2003892;2003892;;;2806007;
756245;10059454;1686;2025;O;2º CFGB (LOFP) - Informática de oficina;2º CFGB IO;N;04/07/2025;2003892;2003892;;;2805900;
719536;9743909;1686;2025;O;2º CFGB (LOFP) - Informática de oficina;2º CFGB IO;N;20/06/2025;2003892;2003892;;;2805893;
812428;10207951;1686;2025;O;2º CFGB (LOFP) - Informática de oficina;2º CFGB IO;N;16/09/2025;2003892;2004082;;;2806926;
866288;9748939;1686;2025;O;2º CFGB (LOFP) - Informática de oficina;2º CFGB IO;N;21/06/2025;2003892;2003892;;;2805892;
724110;9965386;1686;2025;O;2º CFGB (LOFP) - Informática de oficina;2º CFGB IO;N;02/07/2025;2003892;2003892;;;2189280;
800811;9750659;1686;2025;O;2º CFGB (LOFP) - Informática de oficina;2º CFGB IO;N;23/06/2025;2003892;2003892;;;1534;
533710;10177573;827;2025;O;1º de CFGS (LOFP) - Administración de Sistemas Informáticos en Red;1º ASIR D;N;05/09/2025;2003892;;;;2805272;
1722035;10167295;827;2025;O;1º de CFGS (LOFP) - Administración de Sistemas Informáticos en Red;1º ASIR D;N;03/09/2025;2003892;;;;2806901;
159278;10052262;827;2025;O;1º de CFGS (LOFP) - Administración de Sistemas Informáticos en Red;1º ASIR D;N;03/07/2025;2003892;;;;2805347;
673160;10056351;827;2025;O;1º de CFGS (LOFP) - Administración de Sistemas Informáticos en Red;1º ASIR D;N;03/07/2025;2003892;;;;1344;
127079;10010949;827;2025;O;1º de CFGS (LOFP) - Administración de Sistemas Informáticos en Red;1º ASIR D;N;02/07/2025;2003892;;;;2805303;
528124;9744257;827;2025;O;1º de CFGS (LOFP) - Administración de Sistemas Informáticos en Red;1º ASIR D;S;20/06/2025;2003892;2003892;;;2189101;
718065;10014634;827;2025;O;1º de CFGS (LOFP) - Administración de Sistemas Informáticos en Red;1º ASIR D;N;02/07/2025;2003892;;;;2806689;
719679;10162822;827;2025;O;1º de CFGS (LOFP) - Administración de Sistemas Informáticos en Red;1º ASIR D;N;01/09/2025;2003892;;;;2189279;
740723;10052600;827;2025;O;1º de CFGS (LOFP) - Administración de Sistemas Informáticos en Red;1º ASIR D;N;03/07/2025;2003892;;;;2806775;
660763;10195344;827;2025;O;1º de CFGS (LOFP) - Administración de Sistemas Informáticos en Red;1º ASIR D;N;11/09/2025;2003892;;;;2805967;
726489;10102372;827;2025;O;1º de CFGS (LOFP) - Administración de Sistemas Informáticos en Red;1º ASIR D;N;10/07/2025;2003892;;;;2806845;
740353;10094657;827;2025;O;1º de CFGS (LOFP) - Administración de Sistemas Informáticos en Red;1º ASIR D;N;09/07/2025;2003892;;;;2806827;
724326;10163961;827;2025;O;1º de CFGS (LOFP) - Administración de Sistemas Informáticos en Red;1º ASIR D;N;02/09/2025;2003892;;;;2806825;
187551;10033741;827;2025;O;1º de CFGS (LOFP) - Administración de Sistemas Informáticos en Red;1º ASIR D;N;03/07/2025;2003892;;;;2806745;
722834;10039076;827;2025;O;1º de CFGS (LOFP) - Administración de Sistemas Informáticos en Red;1º ASIR D;N;03/07/2025;2003892;;;;2806751;
1465029;10094760;827;2025;O;1º de CFGS (LOFP) - Administración de Sistemas Informáticos en Red;1º ASIR D;N;09/07/2025;2003892;;;;2805420;
1457829;10094770;827;2025;O;1º de CFGS (LOFP) - Administración de Sistemas Informáticos en Red;1º ASIR D;N;09/07/2025;2003892;;;;2806832;
740705;10115236;827;2025;O;1º de CFGS (LOFP) - Administración de Sistemas Informáticos en Red;1º ASIR D;N;18/07/2025;2003892;;;;2806773;
729635;10095578;827;2025;O;1º de CFGS (LOFP) - Administración de Sistemas Informáticos en Red;1º ASIR D;N;09/07/2025;2003892;;;;2806833;
539529;10031651;827;2025;O;1º de CFGS (LOFP) - Administración de Sistemas Informáticos en Red;1º ASIR D;N;03/07/2025;2003892;;;;2806740;
727475;10092904;827;2025;O;1º de CFGS (LOFP) - Administración de Sistemas Informáticos en Red;1º ASIR D;N;09/07/2025;2003892;;;;2806812;
522277;9747756;827;2025;O;1º de CFGS (LOFP) - Administración de Sistemas Informáticos en Red;1º ASIR D;S;21/06/2025;2003892;2003892;;;2806437;
728960;10162575;827;2025;O;1º de CFGS (LOFP) - Administración de Sistemas Informáticos en Red;1º ASIR D;N;01/09/2025;2003892;;;;2806781;
734411;10027018;827;2025;O;1º de CFGS (LOFP) - Administración de Sistemas Informáticos en Red;1º ASIR D;N;03/07/2025;2003892;;;;2805414;
722100;10009462;827;2025;O;1º de CFGS (LOFP) - Administración de Sistemas Informáticos en Red;1º ASIR D;N;02/07/2025;2003892;;;;2805391;
675029;9991357;827;2025;O;1º de CFGS (LOFP) - Administración de Sistemas Informáticos en Red;1º ASIR D;N;02/07/2025;2003892;;;;2806025;
405577;10031394;827;2025;O;1º de CFGS (LOFP) - Administración de Sistemas Informáticos en Red;1º ASIR D;N;03/07/2025;2003892;;;;2806738;
732357;9979266;827;2025;O;1º de CFGS (LOFP) - Administración de Sistemas Informáticos en Red;1º ASIR D;N;02/07/2025;2003892;;;;2806629;
250010;9991322;827;2025;O;1º de CFGS (LOFP) - Administración de Sistemas Informáticos en Red;1º ASIR D;N;02/07/2025;2003892;;;;2806641;
669404;9997737;827;2025;O;1º de CFGS (LOFP) - Administración de Sistemas Informáticos en Red;X1º ASIR D;N;02/07/2025;2003892;;Anulada;12/11/2025;2806654;
721968;10021662;827;2025;O;1º de CFGS (LOFP) - Administración de Sistemas Informáticos en Red;;N;02/07/2025;2003892;;Anulada;09/09/2025;2806727;
740676;10053911;827;2025;O;1º de CFGS (LOFP) - Administración de Sistemas Informáticos en Red;;N;03/07/2025;2003892;;Anulada;14/07/2025;2806780;
622789;10106314;827;2025;O;1º de CFGS (LOFP) - Administración de Sistemas Informáticos en Red;;N;11/07/2025;2003892;;Anulada;05/09/2025;2806853;
718309;10065313;827;2025;O;1º de CFGS (LOFP) - Administración de Sistemas Informáticos en Red;;N;04/07/2025;2003892;;Anulada;29/08/2025;2806799;
724393;10062345;827;2025;O;1º de CFGS (LOFP) - Administración de Sistemas Informáticos en Red;;N;04/07/2025;2003892;;Anulada;24/07/2025;2806798;
659314;10165262;827;2025;O;1º de CFGS (LOFP) - Desarrollo de Aplicaciones Web;1º DAW D;N;02/09/2025;2003892;;;;2806896;
731607;10052804;827;2025;O;1º de CFGS (LOFP) - Desarrollo de Aplicaciones Web;1º DAW D;N;03/07/2025;2003892;;;;2806777;
1723046;10100344;827;2025;O;1º de CFGS (LOFP) - Desarrollo de Aplicaciones Web;1º DAW D;N;10/07/2025;2003892;;Anulada;18/09/2025;2806842;
517343;9749015;827;2025;O;1º de CFGS (LOFP) - Desarrollo de Aplicaciones Web;1º DAW D;S;21/06/2025;2003892;2003892;;;2806129;
1076433;10002837;827;2025;O;1º de CFGS (LOFP) - Desarrollo de Aplicaciones Web;1º DAW D;N;02/07/2025;2003892;;;;2805412;
65682;10017350;827;2025;O;1º de CFGS (LOFP) - Desarrollo de Aplicaciones Web;1º DAW D;N;02/07/2025;2003892;;;;2806696;
659492;10014773;827;2025;O;1º de CFGS (LOFP) - Desarrollo de Aplicaciones Web;1º DAW D;N;02/07/2025;2003892;;;;2805344;
195358;10020941;827;2025;O;1º de CFGS (LOFP) - Desarrollo de Aplicaciones Web;1º DAW D;N;02/07/2025;2003892;;;;2806721;
1428589;9748919;827;2025;O;1º de CFGS (LOFP) - Desarrollo de Aplicaciones Web;1º DAW D;S;21/06/2025;2003892;2003892;;;2806410;
605634;10166374;827;2025;O;1º de CFGS (LOFP) - Desarrollo de Aplicaciones Web;1º DAW D;N;02/09/2025;2003892;;;;2806897;
660754;10176594;827;2025;O;1º de CFGS (LOFP) - Desarrollo de Aplicaciones Web;1º DAW D;N;05/09/2025;2003892;;;;2189025;
519021;10102403;827;2025;O;1º de CFGS (LOFP) - Desarrollo de Aplicaciones Web;1º DAW D;N;10/07/2025;2003892;;;;2189026;
33602;9975329;827;2025;O;1º de CFGS (LOFP) - Desarrollo de Aplicaciones Web;1º DAW D;N;02/07/2025;2003892;;;;2805331;
581721;9747811;827;2025;O;1º de CFGS (LOFP) - Desarrollo de Aplicaciones Web;1º DAW D;S;21/06/2025;2003892;2003892;;;2805444;
659653;10106378;827;2025;O;1º de CFGS (LOFP) - Desarrollo de Aplicaciones Web;1º DAW D;N;11/07/2025;2003892;;;;2806854;
606017;10115514;827;2025;O;1º de CFGS (LOFP) - Desarrollo de Aplicaciones Web;1º DAW D;N;16/07/2025;2003892;;;;2806810;
719496;10094702;827;2025;O;1º de CFGS (LOFP) - Desarrollo de Aplicaciones Web;1º DAW D;N;09/07/2025;2003892;;;;2806830;
726821;10166565;827;2025;O;1º de CFGS (LOFP) - Desarrollo de Aplicaciones Web;1º DAW D;N;02/09/2025;2003892;;;;2805534;
596255;10164036;827;2025;O;1º de CFGS (LOFP) - Desarrollo de Aplicaciones Web;1º DAW D;N;02/09/2025;2003892;;;;2806892;
1722802;10051229;827;2025;O;1º de CFGS (LOFP) - Desarrollo de Aplicaciones Web;1º DAW D;N;03/07/2025;2003892;;;;2806768;
719732;10163026;827;2025;O;1º de CFGS (LOFP) - Desarrollo de Aplicaciones Web;1º DAW D;N;01/09/2025;2003892;;;;2806887;
601461;10221319;827;2025;O;1º de CFGS (LOFP) - Desarrollo de Aplicaciones Web;1º DAW D;N;18/09/2025;2003892;;;;2805229;
477552;9756682;827;2025;O;1º de CFGS (LOFP) - Desarrollo de Aplicaciones Web;1º DAW D;S;24/06/2025;2003892;2003892;;;2188895;
720053;10027514;827;2025;O;1º de CFGS (LOFP) - Desarrollo de Aplicaciones Web;1º DAW D;N;03/07/2025;2003892;;;;2806735;
716354;10018779;827;2025;O;1º de CFGS (LOFP) - Desarrollo de Aplicaciones Web;1º DAW D;N;02/07/2025;2003892;;;;2805403;
1671141;10014524;827;2025;O;1º de CFGS (LOFP) - Desarrollo de Aplicaciones Web;1º DAW D;N;02/07/2025;2003892;;;;2806686;
738721;9994611;827;2025;O;1º de CFGS (LOFP) - Desarrollo de Aplicaciones Web;1º DAW D;N;02/07/2025;2003892;;;;2806646;
472967;9748291;827;2025;O;1º de CFGS (LOFP) - Desarrollo de Aplicaciones Web;1º DAW D;S;21/06/2025;2003892;2003892;;;2805270;
674505;9782908;827;2025;O;1º de CFGS (LOFP) - Desarrollo de Aplicaciones Web;1º DAW D;S;26/06/2025;2003892;2003892;Anulada;17/09/2025;2806058;
62999;9751153;827;2025;O;1º de CFGS (LOFP) - Desarrollo de Aplicaciones Web;1º DAW D;S;23/06/2025;2003892;2003892;;;2189081;
145793;10231080;827;2025;O;1º de CFGS (LOFP) - Desarrollo de Aplicaciones Web;1º DAW D;N;22/09/2025;2003892;;;;2807113;
228636;10286429;827;2025;O;1º de CFGS (LOFP) - Desarrollo de Aplicaciones Web;1º DAW D;N;10/10/2025;2003892;;;;2807192;
717546;10054431;827;2025;O;1º de CFGS (LOFP) - Desarrollo de Aplicaciones Web;X1º DAW D;N;03/07/2025;2003892;;Trasladada;25/09/2025;2806785;
724326;10095392;827;2025;O;1º de CFGS (LOFP) - Desarrollo de Aplicaciones Web;;N;09/07/2025;2003892;;Anulada;02/09/2025;2806825;
719510;9978476;827;2025;O;1º de CFGS (LOFP) - Desarrollo de Aplicaciones Web;;N;02/07/2025;2003892;;Anulada;10/07/2025;2806625;
728960;10102624;827;2025;O;1º de CFGS (LOFP) - Desarrollo de Aplicaciones Web;;N;10/07/2025;2003892;;Anulada;01/09/2025;2806781;
740489;10094978;827;2025;O;1º de CFGS (LOFP) - Desarrollo de Aplicaciones Web;;N;09/07/2025;2003892;;Anulada;17/07/2025;2806823;
1465029;9973339;827;2025;O;1º de CFGS (LOFP) - Desarrollo de Aplicaciones Web;;N;02/07/2025;2003892;;Anulada;09/07/2025;2805420;
724139;10059605;827;2025;O;1º de CFGS (LOFP) - Desarrollo de Aplicaciones Web;;N;04/07/2025;2003892;;Anulada;03/09/2025;2806796;
77050;10018973;827;2025;O;2º de CFGS (LOFP) - Desarrollo de Aplicaciones Web;2º DAW D;N;02/07/2025;2003892;;;;9201;
1172526;10044526;827;2025;O;2º de CFGS (LOFP) - Desarrollo de Aplicaciones Web;2º DAW D;N;03/07/2025;2003892;;;;2806759;
230379;10072070;827;2025;O;2º de CFGS (LOFP) - Desarrollo de Aplicaciones Web;2º DAW D;N;04/07/2025;2003892;;;;2189003;
811558;9751983;827;2025;O;2º de CFGS (LOFP) - Desarrollo de Aplicaciones Web;2º DAW D;N;23/06/2025;2003892;2003892;;;1164;
681365;9745237;827;2025;O;2º de CFGS (LOFP) - Desarrollo de Aplicaciones Web;2º DAW D;N;20/06/2025;2003892;2003892;;;2805944;
1124075;10053825;827;2025;O;2º de CFGS (LOFP) - Desarrollo de Aplicaciones Web;2º DAW D;N;03/07/2025;2003892;;;;2188912;
668313;9746988;827;2025;O;2º de CFGS (LOFP) - Desarrollo de Aplicaciones Web;2º DAW D;N;20/06/2025;2003892;2003892;;;2805942;
157084;10055513;827;2025;O;2º de CFGS (LOFP) - Desarrollo de Aplicaciones Web;2º DAW D;N;03/07/2025;2003892;;;;7752;
625105;9760131;827;2025;O;2º de CFGS (LOFP) - Desarrollo de Aplicaciones Web;2º DAW D;N;25/06/2025;2003892;2003892;;;2805953;
370963;9744254;827;2025;O;2º de CFGS (LOFP) - Desarrollo de Aplicaciones Web;2º DAW D;N;20/06/2025;2003892;2003892;;;2188676;
146797;9756603;827;2025;O;2º de CFGS (LOFP) - Desarrollo de Aplicaciones Web;2º DAW D;N;24/06/2025;2003892;2003892;;;2806458;
229080;9984150;827;2025;O;2º de CFGS (LOFP) - Desarrollo de Aplicaciones Web;2º DAW D;N;02/07/2025;2003892;2003481;;;8470;
178947;10028052;827;2025;O;2º de CFGS (LOFP) - Desarrollo de Aplicaciones Web;2º DAW D;N;03/07/2025;2003892;;;;7640;
1578738;10219473;827;2025;O;2º de CFGS (LOFP) - Desarrollo de Aplicaciones Web;2º DAW D;S;18/09/2025;2003892;2010355;Anulada;18/09/2025;2806936;
1007830;9763399;827;2025;O;2º de CFGS (LOFP) - Desarrollo de Aplicaciones Web;2º DAW D;N;26/06/2025;2003892;2003892;;;2188931;
535138;9745851;827;2025;O;2º de CFGS (LOFP) - Desarrollo de Aplicaciones Web;2º DAW D;N;20/06/2025;2003892;2003892;;;2189105;
473762;9750878;827;2025;O;2º de CFGS (LOFP) - Desarrollo de Aplicaciones Web;2º DAW D;S;23/06/2025;2003892;2003892;;;2189107;
523091;10222592;827;2025;O;2º de CFGS (LOFP) - Desarrollo de Aplicaciones Web;2º DAW D;N;18/09/2025;2003892;;;;2188869;
1225448;9746317;827;2025;O;2º de CFGS (LOFP) - Desarrollo de Aplicaciones Web;2º DAW D;N;20/06/2025;2003892;2003892;;;2188922;
159351;9744379;827;2025;O;2º de CFGS (LOFP) - Desarrollo de Aplicaciones Web;2º DAW D;N;20/06/2025;2003892;2003892;;;2806076;
519864;10073102;827;2025;O;2º de CFGS (LOFP) - Desarrollo de Aplicaciones Web;2º DAW D;N;04/07/2025;2003892;;;;2189010;
673816;9744052;827;2025;O;2º de CFGS (LOFP) - Desarrollo de Aplicaciones Web;2º DAW D;N;20/06/2025;2003892;2003892;;;2805945;
1582317;9748344;827;2025;O;2º de CFGS (LOFP) - Desarrollo de Aplicaciones Web;2º DAW D;N;21/06/2025;2003892;2003892;;;2805298;
388030;9752230;827;2025;O;2º de CFGS (LOFP) - Desarrollo de Aplicaciones Web;2º DAW D;S;23/06/2025;2003892;2003892;;;8288;
519125;9980703;827;2025;O;2º de CFGS (LOFP) - Desarrollo de Aplicaciones Web;2º DAW D;N;02/07/2025;2003892;;;;2806632;
152442;9747868;827;2025;O;2º de CFGS (LOFP) - Desarrollo de Aplicaciones Web;2º DAW D;N;20/06/2025;2003892;2003892;;;2806377;
662807;9744231;827;2025;O;2º de CFGS (LOFP) - Desarrollo de Aplicaciones Web;2º DAW D;N;20/06/2025;2003892;2003892;;;2806005;
681017;9747461;827;2025;O;2º de CFGS (LOFP) - Desarrollo de Aplicaciones Web;2º DAW D;N;20/06/2025;2003892;2003892;;;2805903;
536486;9755312;827;2025;O;2º de CFGS (LOFP) - Desarrollo de Aplicaciones Web;2º DAW D;N;24/06/2025;2003892;2003892;;;2805949;
75647;9744486;827;2025;O;2º de CFGS (LOFP) - Desarrollo de Aplicaciones Web;;S;20/06/2025;2003892;2003892;Anulada;01/07/2025;406;
740454;9748898;799;2025;O;2º de CFGM (LOFP) - Sistemas Microinformáticos y Redes;2º SMR D;N;21/06/2025;2003892;2003892;;;2805965;
812027;9748740;799;2025;O;2º de CFGM (LOFP) - Sistemas Microinformáticos y Redes;2º SMR D;N;22/06/2025;2003892;2003892;;;2806078;
716985;9745763;799;2025;O;2º de CFGM (LOFP) - Sistemas Microinformáticos y Redes;2º SMR D;N;20/06/2025;2003892;2003892;;;2806085;
792551;9746205;799;2025;O;2º de CFGM (LOFP) - Sistemas Microinformáticos y Redes;2º SMR D;N;20/06/2025;2003892;2003892;;;2805912;
956887;9749201;799;2025;O;2º de CFGM (LOFP) - Sistemas Microinformáticos y Redes;2º SMR D;N;22/06/2025;2003892;2003892;;;2188859;
752851;9752662;799;2025;O;2º de CFGM (LOFP) - Sistemas Microinformáticos y Redes;2º SMR D;N;23/06/2025;2003892;2003892;;;2805926;
740753;9791875;799;2025;O;2º de CFGM (LOFP) - Sistemas Microinformáticos y Redes;2º SMR D;N;26/06/2025;2003892;2003892;;;2806103;
660621;9745323;799;2025;O;2º de CFGM (LOFP) - Sistemas Microinformáticos y Redes;2º SMR D;N;20/06/2025;2003892;2003892;;;2188914;
473097;10215815;799;2025;O;2º de CFGM (LOFP) - Sistemas Microinformáticos y Redes;2º SMR D;S;17/09/2025;2003892;16000899;;;2188034;
811909;9760039;799;2025;O;2º de CFGM (LOFP) - Sistemas Microinformáticos y Redes;2º SMR D;N;25/06/2025;2003892;2003892;;;2805917;
662967;9753421;799;2025;O;2º de CFGM (LOFP) - Sistemas Microinformáticos y Redes;2º SMR D;N;23/06/2025;2003892;2003892;;;2806026;
670220;9746625;799;2025;O;2º de CFGM (LOFP) - Sistemas Microinformáticos y Redes;2º SMR D;N;20/06/2025;2003892;2003892;;;2806101;
812246;9749233;799;2025;O;2º de CFGM (LOFP) - Sistemas Microinformáticos y Redes;2º SMR D;N;22/06/2025;2003892;2003892;;;2805920;
718917;9744426;799;2025;O;2º de CFGM (LOFP) - Sistemas Microinformáticos y Redes;2º SMR D;N;20/06/2025;2003892;2003892;;;1426;
797716;9751348;799;2025;O;2º de CFGM (LOFP) - Sistemas Microinformáticos y Redes;2º SMR D;N;23/06/2025;2003892;2003892;;;2805911;
812862;9746427;799;2025;O;2º de CFGM (LOFP) - Sistemas Microinformáticos y Redes;2º SMR D;N;20/06/2025;2003892;2003892;;;2806041;
728443;9744654;799;2025;O;2º de CFGM (LOFP) - Sistemas Microinformáticos y Redes;2º SMR D;N;20/06/2025;2003892;2003892;;;2805906;
729127;9749171;799;2025;O;2º de CFGM (LOFP) - Sistemas Microinformáticos y Redes;2º SMR D;N;22/06/2025;2003892;2003892;;;2805922;
802650;9748683;799;2025;O;2º de CFGM (LOFP) - Sistemas Microinformáticos y Redes;2º SMR D;N;22/06/2025;2003892;2003892;;;2806022;
672933;9746367;799;2025;O;2º de CFGM (LOFP) - Sistemas Microinformáticos y Redes;2º SMR D;N;20/06/2025;2003892;2003892;;;2806094;
801698;9747467;799;2025;O;2º de CFGM (LOFP) - Sistemas Microinformáticos y Redes;2º SMR D;N;20/06/2025;2003892;2003892;;;2805925;
797505;9748471;799;2025;O;2º de CFGM (LOFP) - Sistemas Microinformáticos y Redes;2º SMR D;N;21/06/2025;2003892;2003892;;;2806082;
150690;9747357;799;2025;O;2º de CFGM (LOFP) - Sistemas Microinformáticos y Redes;2º SMR D;N;20/06/2025;2003892;2003892;;;2806040;
812225;9760207;799;2025;O;2º de CFGM (LOFP) - Sistemas Microinformáticos y Redes;2º SMR D;N;25/06/2025;2003892;2003892;;;2806028;
660558;9744288;799;2025;O;2º de CFGM (LOFP) - Sistemas Microinformáticos y Redes;2º SMR V;N;20/06/2025;2003892;2003892;;;2805955;
661512;9749159;799;2025;O;2º de CFGM (LOFP) - Sistemas Microinformáticos y Redes;2º SMR V;N;22/06/2025;2003892;2003892;;;2805919;
1578644;9771694;799;2025;O;2º de CFGM (LOFP) - Sistemas Microinformáticos y Redes;2º SMR V;N;26/06/2025;2003892;2003892;;;2806027;
141249;9757175;799;2025;O;2º de CFGM (LOFP) - Sistemas Microinformáticos y Redes;2º SMR V;N;24/06/2025;2003892;2003892;;;8181;
591591;9748886;799;2025;O;2º de CFGM (LOFP) - Sistemas Microinformáticos y Redes;2º SMR V;N;21/06/2025;2003892;2003892;;;2805845;
716384;9747134;799;2025;O;2º de CFGM (LOFP) - Sistemas Microinformáticos y Redes;2º SMR V;N;20/06/2025;2003892;2003892;;;9090;
525906;9745294;799;2025;O;2º de CFGM (LOFP) - Sistemas Microinformáticos y Redes;2º SMR V;N;20/06/2025;2003892;2003892;;;2805744;
722817;9753098;799;2025;O;2º de CFGM (LOFP) - Sistemas Microinformáticos y Redes;2º SMR V;N;23/06/2025;2003892;2003892;;;2806151;
791372;9744561;799;2025;O;2º de CFGM (LOFP) - Sistemas Microinformáticos y Redes;2º SMR V;N;20/06/2025;2003892;2003892;;;2806118;
801692;9748768;799;2025;O;2º de CFGM (LOFP) - Sistemas Microinformáticos y Redes;2º SMR V;N;22/06/2025;2003892;2003892;;;2806064;
661689;9753777;799;2025;O;2º de CFGM (LOFP) - Sistemas Microinformáticos y Redes;2º SMR V;N;23/06/2025;2003892;2003892;;;2805918;
184072;9745454;799;2025;O;2º de CFGM (LOFP) - Sistemas Microinformáticos y Redes;2º SMR V;N;20/06/2025;2003892;2003892;;;8169;
727963;9749841;799;2025;O;2º de CFGM (LOFP) - Sistemas Microinformáticos y Redes;2º SMR V;N;22/06/2025;2003892;2003892;;;2806068;
723801;9755225;799;2025;O;2º de CFGM (LOFP) - Sistemas Microinformáticos y Redes;2º SMR V;N;24/06/2025;2003892;2003892;;;2806161;
797230;9749343;799;2025;O;2º de CFGM (LOFP) - Sistemas Microinformáticos y Redes;2º SMR V;N;21/06/2025;2003892;2003892;;;2806102;
728385;9748565;799;2025;O;2º de CFGM (LOFP) - Sistemas Microinformáticos y Redes;2º SMR V;N;22/06/2025;2003892;2003892;;;2805923;
1657236;10043359;799;2025;O;2º de CFGM (LOFP) - Sistemas Microinformáticos y Redes;;N;03/07/2025;2003892;45005495;Anulada;04/12/2025;2806757;
1083369;10072088;799;2025;O;2º de CFGM (LOFP) - Sistemas Microinformáticos y Redes;;N;04/07/2025;2003892;;Anulada;08/07/2025;2805637;
1455017;10008977;799;2025;O;1º de CFGM (LOFP) - Gestión Administrativa;1º GA D;N;02/07/2025;2003892;;Anulada;03/03/2026;2806664;
795531;10013337;799;2025;O;1º de CFGM (LOFP) - Gestión Administrativa;1º GA D;N;02/07/2025;2003892;;;;2806681;
812071;10013430;799;2025;O;1º de CFGM (LOFP) - Gestión Administrativa;1º GA D;N;02/07/2025;2003892;;;;2806683;
598062;10017370;799;2025;O;1º de CFGM (LOFP) - Gestión Administrativa;1º GA D;N;02/07/2025;2003892;;;;2805982;
867975;10052011;799;2025;O;1º de CFGM (LOFP) - Gestión Administrativa;1º GA D;N;03/07/2025;2003892;;Anulada;15/01/2026;2806776;
670508;10051708;799;2025;O;1º de CFGM (LOFP) - Gestión Administrativa;1º GA D;N;03/07/2025;2003892;;Anulada;19/09/2025;2806769;
1450039;10026679;799;2025;O;1º de CFGM (LOFP) - Gestión Administrativa;1º GA D;N;03/07/2025;2003892;;;;2806733;
722170;9971848;799;2025;O;1º de CFGM (LOFP) - Gestión Administrativa;1º GA D;N;02/07/2025;2003892;;;;2806620;
716499;10050235;799;2025;O;1º de CFGM (LOFP) - Gestión Administrativa;1º GA D;N;03/07/2025;2003892;;;;2806762;
808927;10011482;799;2025;O;1º de CFGM (LOFP) - Gestión Administrativa;1º GA D;N;02/07/2025;2003892;;;;2806670;
814744;10011518;799;2025;O;1º de CFGM (LOFP) - Gestión Administrativa;1º GA D;N;02/07/2025;2003892;;;;2806671;
721932;10009552;799;2025;O;1º de CFGM (LOFP) - Gestión Administrativa;1º GA D;N;02/07/2025;2003892;;;;2805992;
819296;10093455;799;2025;O;1º de CFGM (LOFP) - Gestión Administrativa;1º GA D;N;09/07/2025;2003892;;;;2806814;
1497829;10116225;799;2025;O;1º de CFGM (LOFP) - Gestión Administrativa;1º GA D;N;17/07/2025;2003892;;;;2806506;
804103;10017420;799;2025;O;1º de CFGM (LOFP) - Gestión Administrativa;1º GA D;N;02/07/2025;2003892;;;;2806698;
719490;9990498;799;2025;O;1º de CFGM (LOFP) - Gestión Administrativa;1º GA D;N;02/07/2025;2003892;;;;2805318;
1596115;10115615;799;2025;O;1º de CFGM (LOFP) - Gestión Administrativa;1º GA D;N;16/07/2025;2003892;;;;2806866;
445825;10013039;799;2025;O;1º de CFGM (LOFP) - Gestión Administrativa;1º GA D;N;02/07/2025;2003892;;Anulada;15/01/2026;2806679;
811692;10020377;799;2025;O;1º de CFGM (LOFP) - Gestión Administrativa;1º GA D;N;02/07/2025;2003892;;;;2806712;
812068;10096396;799;2025;O;1º de CFGM (LOFP) - Gestión Administrativa;1º GA D;N;09/07/2025;2003892;;;;2806841;
157312;9757000;799;2025;O;1º de CFGM (LOFP) - Gestión Administrativa;1º GA D;S;24/06/2025;2003892;2003892;Anulada;15/01/2026;2806120;
758838;10020686;799;2025;O;1º de CFGM (LOFP) - Gestión Administrativa;1º GA D;N;02/07/2025;2003892;;;;2806715;
880221;10086486;799;2025;O;1º de CFGM (LOFP) - Gestión Administrativa;1º GA D;N;07/07/2025;2003892;;;;2188307;
662025;9747940;799;2025;O;1º de CFGM (LOFP) - Gestión Administrativa;1º GA D;S;20/06/2025;2003892;2003892;;;2806106;
660162;10036164;799;2025;O;1º de CFGM (LOFP) - Gestión Administrativa;1º GA D;N;03/07/2025;2003892;;;;2806746;
719303;10013708;799;2025;O;1º de CFGM (LOFP) - Gestión Administrativa;1º GA D;N;02/07/2025;2003892;;;;2806690;
1600255;10128150;799;2025;O;1º de CFGM (LOFP) - Gestión Administrativa;1º GA D;N;24/07/2025;2003892;;;;2806883;
586997;10078813;799;2025;O;1º de CFGM (LOFP) - Gestión Administrativa;1º GA D;N;04/07/2025;2003892;;Anulada;12/09/2025;2806807;
1640676;10018631;799;2025;O;1º de CFGM (LOFP) - Gestión Administrativa;1º GA D;N;02/07/2025;2003892;;;;2806707;
1488836;10026878;799;2025;O;1º de CFGM (LOFP) - Gestión Administrativa;1º GA D;N;03/07/2025;2003892;;;;2806734;
866618;10017395;799;2025;O;1º de CFGM (LOFP) - Gestión Administrativa;1º GA D;N;02/07/2025;2003892;;;;2806697;
520842;9778360;799;2025;O;1º de CFGM (LOFP) - Gestión Administrativa;1º GA D;S;26/06/2025;2003892;2003892;;;2188877;
769253;10166829;799;2025;O;1º de CFGM (LOFP) - Gestión Administrativa;1º GA V;N;02/09/2025;2003892;;;;2806898;
1455852;9786970;799;2025;O;1º de CFGM (LOFP) - Gestión Administrativa;1º GA V;S;26/06/2025;2003892;2003892;;;2189085;
724002;10052564;799;2025;O;1º de CFGM (LOFP) - Gestión Administrativa;1º GA V;N;03/07/2025;2003892;;Anulada;19/09/2025;2806774;
861421;10094924;799;2025;O;1º de CFGM (LOFP) - Gestión Administrativa;1º GA V;N;09/07/2025;2003892;;;;1548;
866839;10095654;799;2025;O;1º de CFGM (LOFP) - Gestión Administrativa;1º GA V;N;09/07/2025;2003892;;;;2806836;
790526;10006783;799;2025;O;1º de CFGM (LOFP) - Gestión Administrativa;1º GA V;N;02/07/2025;2003892;;;;2806661;
797244;9991491;799;2025;O;1º de CFGM (LOFP) - Gestión Administrativa;1º GA V;N;02/07/2025;2003892;;Anulada;22/09/2025;2806643;
719308;10020966;799;2025;O;1º de CFGM (LOFP) - Gestión Administrativa;1º GA V;N;02/07/2025;2003892;;;;2806723;
894033;10169444;799;2025;O;1º de CFGM (LOFP) - Gestión Administrativa;1º GA V;N;03/09/2025;2003892;;;;2806903;
717089;10116127;799;2025;O;1º de CFGM (LOFP) - Gestión Administrativa;1º GA V;N;16/07/2025;2003892;;;;2806867;
1225917;10169422;799;2025;O;1º de CFGM (LOFP) - Gestión Administrativa;1º GA V;N;03/09/2025;2003892;;;;2188789;
435899;10169380;799;2025;O;1º de CFGM (LOFP) - Gestión Administrativa;1º GA V;N;03/09/2025;2003892;;Anulada;21/10/2025;2806902;
801105;10053468;799;2025;O;1º de CFGM (LOFP) - Gestión Administrativa;1º GA V;N;03/07/2025;2003892;;Anulada;22/01/2026;9147;
719791;10094579;799;2025;O;1º de CFGM (LOFP) - Gestión Administrativa;1º GA V;N;09/07/2025;2003892;;Anulada;25/09/2025;2806821;
1723849;10093053;799;2025;O;1º de CFGM (LOFP) - Gestión Administrativa;1º GA V;N;09/07/2025;2003892;;;;2806816;
815283;9968199;799;2025;O;1º de CFGM (LOFP) - Gestión Administrativa;1º GA V;N;02/07/2025;2003892;;Anulada;08/10/2025;2806618;
868506;10053392;799;2025;O;1º de CFGM (LOFP) - Gestión Administrativa;1º GA V;N;03/07/2025;2003892;;Anulada;09/10/2025;2806779;
596234;10115673;799;2025;O;1º de CFGM (LOFP) - Gestión Administrativa;1º GA V;N;16/07/2025;2003892;;;;2806869;
1214583;10081908;799;2025;O;1º de CFGM (LOFP) - Gestión Administrativa;1º GA V;N;07/07/2025;2003892;;;;1661;
1672624;10092725;799;2025;O;1º de CFGM (LOFP) - Gestión Administrativa;1º GA V;N;09/07/2025;2003892;;;;2806815;
660131;9745870;799;2025;O;1º de CFGM (LOFP) - Gestión Administrativa;1º GA V;S;20/06/2025;2003892;2003892;Anulada;11/09/2025;2188728;
662783;10161269;799;2025;O;1º de CFGM (LOFP) - Gestión Administrativa;1º GA V;N;01/09/2025;2003892;;;;2189240;
1667261;10115225;799;2025;O;1º de CFGM (LOFP) - Gestión Administrativa;1º GA V;N;18/07/2025;2003892;;;;2806881;
801560;10010581;799;2025;O;1º de CFGM (LOFP) - Gestión Administrativa;1º GA V;N;02/07/2025;2003892;;Anulada;19/09/2025;2806667;
858434;9989050;799;2025;O;1º de CFGM (LOFP) - Gestión Administrativa;1º GA V;N;02/07/2025;2003892;;;;2806640;
843564;10234764;799;2025;O;1º de CFGM (LOFP) - Gestión Administrativa;1º GA V;N;22/09/2025;2003892;;;;2807115;
794822;10305014;799;2025;O;1º de CFGM (LOFP) - Gestión Administrativa;1º GA V;N;17/10/2025;2003892;;;;2807207;
379485;10293506;799;2025;O;1º de CFGM (LOFP) - Gestión Administrativa;1º GA V;N;13/10/2025;2003892;;;;116;
1653266;10303858;799;2025;O;1º de CFGM (LOFP) - Gestión Administrativa;1º GA V;N;16/10/2025;2003892;;;;2807205;
1668486;10242431;799;2025;O;1º de CFGM (LOFP) - Gestión Administrativa;1º GA V;S;24/09/2025;2003892;2003892;;;2806380;
723652;10248968;799;2025;O;1º de CFGM (LOFP) - Gestión Administrativa;1º GA V;S;26/09/2025;2003892;2003892;;;2806407;
1444389;10312999;799;2025;O;1º de CFGM (LOFP) - Gestión Administrativa;1º GA V;N;23/10/2025;2003892;;;;2807212;
863058;10018372;799;2025;O;1º de CFGM (LOFP) - Gestión Administrativa;;N;02/07/2025;2003892;;Anulada;16/07/2025;2806704;
600672;10094889;799;2025;O;1º de CFGM (LOFP) - Gestión Administrativa;;N;09/07/2025;2003892;;Anulada;04/09/2025;2805165;
1655247;10042455;799;2025;O;1º de CFGM (LOFP) - Gestión Administrativa;;N;03/07/2025;2003892;;Anulada;09/07/2025;2806756;
683095;10115976;799;2025;O;1º de CFGM (LOFP) - Gestión Administrativa;;N;16/07/2025;2003892;;Anulada;04/09/2025;2806863;
388041;10298815;799;2025;O;1º de CFGM (LOFP) - Gestión Administrativa;;N;14/10/2025;2003892;;;;2188821;
761077;10057679;799;2025;O;1º de CFGM (LOFP) - Gestión Administrativa;;N;04/07/2025;2003892;;Anulada;02/09/2025;2806795;
614914;9999179;799;2025;O;1º de CFGM (LOFP) - Gestión Administrativa;;N;02/07/2025;2003892;;Anulada;09/07/2025;2806655;
1270052;9992840;799;2025;O;1º de CFGM (LOFP) - Gestión Administrativa;;N;02/07/2025;2003892;;Anulada;16/07/2025;2806645;
980642;10102529;799;2025;O;1º de CFGM (LOFP) - Gestión Administrativa;;N;10/07/2025;2003892;;Anulada;02/09/2025;2806849;
519384;9747014;799;2025;O;2º de CFGM (LOFP) - Gestión Administrativa;2º GA D;N;20/06/2025;2003892;2003892;;;2805348;
603094;10003566;799;2025;O;2º de CFGM (LOFP) - Gestión Administrativa;2º GA D;N;02/07/2025;2003892;2003892;;;2806117;
722715;9748972;799;2025;O;2º de CFGM (LOFP) - Gestión Administrativa;2º GA D;N;21/06/2025;2003892;2003892;;;2805908;
673245;9754473;799;2025;O;2º de CFGM (LOFP) - Gestión Administrativa;2º GA D;N;23/06/2025;2003892;2003892;;;2805166;
618316;10003402;799;2025;O;2º de CFGM (LOFP) - Gestión Administrativa;2º GA D;N;02/07/2025;2003892;2003892;;;2806036;
673892;9750692;799;2025;O;2º de CFGM (LOFP) - Gestión Administrativa;2º GA D;N;23/06/2025;2003892;2003892;;;2805395;
683218;9759631;799;2025;O;2º de CFGM (LOFP) - Gestión Administrativa;2º GA D;N;25/06/2025;2003892;2003892;;;2806021;
195462;9747127;799;2025;O;2º de CFGM (LOFP) - Gestión Administrativa;2º GA D;N;20/06/2025;2003892;2003892;;;2805921;
671901;9747528;799;2025;O;2º de CFGM (LOFP) - Gestión Administrativa;2º GA D;N;20/06/2025;2003892;2003892;;;1368;
723949;9747533;799;2025;O;2º de CFGM (LOFP) - Gestión Administrativa;2º GA D;N;20/06/2025;2003892;2003892;;;2805999;
717274;9749032;799;2025;O;2º de CFGM (LOFP) - Gestión Administrativa;2º GA D;N;21/06/2025;2003892;2003892;;;2806023;
749609;9757416;799;2025;O;2º de CFGM (LOFP) - Gestión Administrativa;2º GA D;N;25/06/2025;2003892;2003892;;;2806024;
600637;9745217;799;2025;O;2º de CFGM (LOFP) - Gestión Administrativa;2º GA D;N;20/06/2025;2003892;2003892;;;2188313;
528346;9756132;799;2025;O;2º de CFGM (LOFP) - Gestión Administrativa;2º GA D;N;24/06/2025;2003892;2003892;;;2188876;
609582;9744702;799;2025;O;2º de CFGM (LOFP) - Gestión Administrativa;2º GA V;S;20/06/2025;2003892;2003892;;;2805452;
1651405;9759994;799;2025;O;2º de CFGM (LOFP) - Gestión Administrativa;2º GA V;N;25/06/2025;2003892;2003892;;;2806090;
659311;9749161;799;2025;O;2º de CFGM (LOFP) - Gestión Administrativa;2º GA V;N;22/06/2025;2003892;2003892;;;2188309;
6666;9748624;799;2025;O;2º de CFGM (LOFP) - Gestión Administrativa;2º GA V;N;22/06/2025;2003892;2003892;;;2805457;
387891;9757190;799;2025;O;2º de CFGM (LOFP) - Gestión Administrativa;2º GA V;S;24/06/2025;2003892;2003892;;;1106;
509189;9744806;799;2025;O;2º de CFGM (LOFP) - Gestión Administrativa;2º GA V;N;20/06/2025;2003892;2003892;;;2805379;
946211;9751299;799;2025;O;2º de CFGM (LOFP) - Gestión Administrativa;2º GA V;N;23/06/2025;2003892;2003892;;;2806012;
1662560;9757884;799;2025;O;2º de CFGM (LOFP) - Gestión Administrativa;2º GA V;N;25/06/2025;2003892;2003892;;;2806444;
593665;9759822;799;2025;O;2º de CFGM (LOFP) - Gestión Administrativa;2º GA V;N;25/06/2025;2003892;2003892;;;2806420;
659669;9746762;799;2025;O;2º de CFGM (LOFP) - Gestión Administrativa;2º GA V;N;20/06/2025;2003892;2003892;;;2806011;
476136;9760814;799;2025;O;2º de CFGM (LOFP) - Gestión Administrativa;2º GA V;S;25/06/2025;2003892;2003892;;;2805465;
794164;9750124;799;2025;O;2º de CFGM (LOFP) - Gestión Administrativa;2º GA V;N;23/06/2025;2003892;2003892;;;2805970;
521414;9751917;799;2025;O;2º de CFGM (LOFP) - Gestión Administrativa;2º GA V;N;23/06/2025;2003892;2003892;;;1200;
1649914;9756779;799;2025;O;2º de CFGM (LOFP) - Gestión Administrativa;2º GA V;N;25/06/2025;2003892;2003892;;;2806069;
1735728;10237457;837;2025;O;CFGS (Mod. E-Learning) (LOFP) - Administración de Sistemas Informáticos en Red;XASIR_V;N;23/09/2025;2003892;;Anulada;29/10/2025;2807131;
1591294;10230920;837;2025;O;CFGS (Mod. E-Learning) (LOFP) - Administración de Sistemas Informáticos en Red;XASIR_V;N;22/09/2025;2003892;;Anulada;28/10/2025;2807075;
160137;10230958;837;2025;O;CFGS (Mod. E-Learning) (LOFP) - Administración de Sistemas Informáticos en Red;XASIR_V;N;22/09/2025;2003892;;Anulada;25/11/2025;2807096;
1748398;10300384;837;2025;O;CFGS (Mod. E-Learning) (LOFP) - Administración de Sistemas Informáticos en Red;XASIR_V;N;15/10/2025;2003892;;Anulada;20/11/2025;2807203;
1667527;10224458;837;2025;O;CFGS (Mod. E-Learning) (LOFP) - Administración de Sistemas Informáticos en Red;ASIR_V;S;19/09/2025;2003892;2003892;;;2806288;
1380149;10224448;837;2025;O;CFGS (Mod. E-Learning) (LOFP) - Administración de Sistemas Informáticos en Red;ASIR_V;N;19/09/2025;2003892;;Anulada;28/10/2025;2807010;
1727983;10224465;837;2025;O;CFGS (Mod. E-Learning) (LOFP) - Administración de Sistemas Informáticos en Red;ASIR_V;N;19/09/2025;2003892;;;;2807016;
343586;10224439;837;2025;O;CFGS (Mod. E-Learning) (LOFP) - Administración de Sistemas Informáticos en Red;ASIR_V;S;19/09/2025;2003892;2003892;Anulada;16/03/2026;2806250;
232932;10224452;837;2025;O;CFGS (Mod. E-Learning) (LOFP) - Administración de Sistemas Informáticos en Red;ASIR_V;S;19/09/2025;2003892;2003892;;;2805079;
221695;10224455;837;2025;O;CFGS (Mod. E-Learning) (LOFP) - Administración de Sistemas Informáticos en Red;ASIR_V;S;19/09/2025;2003892;2003892;;;2805760;
1732277;10224468;837;2025;O;CFGS (Mod. E-Learning) (LOFP) - Administración de Sistemas Informáticos en Red;ASIR_V;N;19/09/2025;2003892;;;;2807019;
1728904;10224470;837;2025;O;CFGS (Mod. E-Learning) (LOFP) - Administración de Sistemas Informáticos en Red;ASIR_V;N;19/09/2025;2003892;;;;2807021;
195397;10224356;837;2025;O;CFGS (Mod. E-Learning) (LOFP) - Administración de Sistemas Informáticos en Red;ASIR_V;N;19/09/2025;2003892;;;;2806949;
498960;10224459;837;2025;O;CFGS (Mod. E-Learning) (LOFP) - Administración de Sistemas Informáticos en Red;ASIR_V;N;19/09/2025;2003892;;;;2805228;
342455;10224463;837;2025;O;CFGS (Mod. E-Learning) (LOFP) - Administración de Sistemas Informáticos en Red;ASIR_V;N;19/09/2025;2003892;;;;2807015;
491774;10224466;837;2025;O;CFGS (Mod. E-Learning) (LOFP) - Administración de Sistemas Informáticos en Red;ASIR_V;N;19/09/2025;2003892;;;;2807017;
32361;10224467;837;2025;O;CFGS (Mod. E-Learning) (LOFP) - Administración de Sistemas Informáticos en Red;ASIR_V;N;19/09/2025;2003892;;;;2807018;
549350;10224496;837;2025;O;CFGS (Mod. E-Learning) (LOFP) - Administración de Sistemas Informáticos en Red;ASIR_V;N;19/09/2025;2003892;;;;2807042;
350462;10224389;837;2025;O;CFGS (Mod. E-Learning) (LOFP) - Administración de Sistemas Informáticos en Red;ASIR_V;N;19/09/2025;2003892;;;;2806967;
1329428;10224355;837;2025;O;CFGS (Mod. E-Learning) (LOFP) - Administración de Sistemas Informáticos en Red;ASIR_V;N;19/09/2025;2003892;;;;2806948;
1732369;10224401;837;2025;O;CFGS (Mod. E-Learning) (LOFP) - Administración de Sistemas Informáticos en Red;ASIR_V;N;19/09/2025;2003892;;;;2806974;
1731229;10224375;837;2025;O;CFGS (Mod. E-Learning) (LOFP) - Administración de Sistemas Informáticos en Red;ASIR_V;N;19/09/2025;2003892;;;;2806959;
1730576;10224420;837;2025;O;CFGS (Mod. E-Learning) (LOFP) - Administración de Sistemas Informáticos en Red;ASIR_V;N;19/09/2025;2003892;;;;2806983;
592004;10224464;837;2025;O;CFGS (Mod. E-Learning) (LOFP) - Administración de Sistemas Informáticos en Red;ASIR_V;S;19/09/2025;2003892;2003892;;;2806353;
1591331;10224497;837;2025;O;CFGS (Mod. E-Learning) (LOFP) - Administración de Sistemas Informáticos en Red;ASIR_V;S;19/09/2025;2003892;2003892;;;2805512;
76364;10224500;837;2025;O;CFGS (Mod. E-Learning) (LOFP) - Administración de Sistemas Informáticos en Red;ASIR_V;S;19/09/2025;2003892;2003892;;;2805850;
405826;10224502;837;2025;O;CFGS (Mod. E-Learning) (LOFP) - Administración de Sistemas Informáticos en Red;ASIR_V;S;19/09/2025;2003892;2003892;;;462;
210214;10224504;837;2025;O;CFGS (Mod. E-Learning) (LOFP) - Administración de Sistemas Informáticos en Red;ASIR_V;S;19/09/2025;2003892;2003892;;;53;
261914;10224508;837;2025;O;CFGS (Mod. E-Learning) (LOFP) - Administración de Sistemas Informáticos en Red;ASIR_V;S;19/09/2025;2003892;2003892;;;2805812;
1131519;10224387;837;2025;O;CFGS (Mod. E-Learning) (LOFP) - Administración de Sistemas Informáticos en Red;ASIR_V;S;19/09/2025;2003892;2003892;;;2806519;
152276;10224392;837;2025;O;CFGS (Mod. E-Learning) (LOFP) - Administración de Sistemas Informáticos en Red;ASIR_V;S;19/09/2025;2003892;2003892;;;2806484;
371451;10224351;837;2025;O;CFGS (Mod. E-Learning) (LOFP) - Administración de Sistemas Informáticos en Red;ASIR_V;S;19/09/2025;2003892;2003892;;;2806193;
1663154;10224357;837;2025;O;CFGS (Mod. E-Learning) (LOFP) - Administración de Sistemas Informáticos en Red;ASIR_V;S;19/09/2025;2003892;2003892;;;2806462;
1662060;10224368;837;2025;O;CFGS (Mod. E-Learning) (LOFP) - Administración de Sistemas Informáticos en Red;ASIR_V;S;19/09/2025;2003892;2003892;;;2806187;
184447;10224426;837;2025;O;CFGS (Mod. E-Learning) (LOFP) - Administración de Sistemas Informáticos en Red;ASIR_V;N;19/09/2025;2003892;;;;196;
199521;10224398;837;2025;O;CFGS (Mod. E-Learning) (LOFP) - Administración de Sistemas Informáticos en Red;ASIR_V;N;19/09/2025;2003892;;;;2806971;
638631;10224402;837;2025;O;CFGS (Mod. E-Learning) (LOFP) - Administración de Sistemas Informáticos en Red;ASIR_V;S;19/09/2025;2003892;2003892;;;2805162;
741483;10224409;837;2025;O;CFGS (Mod. E-Learning) (LOFP) - Administración de Sistemas Informáticos en Red;ASIR_V;N;19/09/2025;2003892;;;;2806978;
32431;10224350;837;2025;O;CFGS (Mod. E-Learning) (LOFP) - Administración de Sistemas Informáticos en Red;ASIR_V;N;19/09/2025;2003892;;;;2806946;
215615;10224361;837;2025;O;CFGS (Mod. E-Learning) (LOFP) - Administración de Sistemas Informáticos en Red;ASIR_V;N;19/09/2025;2003892;;;;2806951;
978743;10224364;837;2025;O;CFGS (Mod. E-Learning) (LOFP) - Administración de Sistemas Informáticos en Red;ASIR_V;N;19/09/2025;2003892;;;;7941;
233066;10224365;837;2025;O;CFGS (Mod. E-Learning) (LOFP) - Administración de Sistemas Informáticos en Red;ASIR_V;N;19/09/2025;2003892;;;;2806952;
676300;10224367;837;2025;O;CFGS (Mod. E-Learning) (LOFP) - Administración de Sistemas Informáticos en Red;ASIR_V;N;19/09/2025;2003892;;;;2806954;
1735693;10224369;837;2025;O;CFGS (Mod. E-Learning) (LOFP) - Administración de Sistemas Informáticos en Red;ASIR_V;N;19/09/2025;2003892;;;;2806955;
127255;10224379;837;2025;O;CFGS (Mod. E-Learning) (LOFP) - Administración de Sistemas Informáticos en Red;ASIR_V;N;19/09/2025;2003892;;;;2805580;
146020;10224425;837;2025;O;CFGS (Mod. E-Learning) (LOFP) - Administración de Sistemas Informáticos en Red;ASIR_V;N;19/09/2025;2003892;;Anulada;10/03/2026;2806997;
1730720;10224434;837;2025;O;CFGS (Mod. E-Learning) (LOFP) - Administración de Sistemas Informáticos en Red;ASIR_V;N;19/09/2025;2003892;;;;2807001;
155353;10224435;837;2025;O;CFGS (Mod. E-Learning) (LOFP) - Administración de Sistemas Informáticos en Red;ASIR_V;N;19/09/2025;2003892;;;;2807002;
1662489;10225589;837;2025;O;CFGS (Mod. E-Learning) (LOFP) - Administración de Sistemas Informáticos en Red;ASIR_V;S;19/09/2025;2003892;2003892;;;2806495;
1293436;10224410;837;2025;O;CFGS (Mod. E-Learning) (LOFP) - Administración de Sistemas Informáticos en Red;ASIR_V;S;19/09/2025;2003892;2003892;;;2805607;
249177;10224422;837;2025;O;CFGS (Mod. E-Learning) (LOFP) - Administración de Sistemas Informáticos en Red;ASIR_V;S;19/09/2025;2003892;2003892;;;6793;
405812;10224485;837;2025;O;CFGS (Mod. E-Learning) (LOFP) - Administración de Sistemas Informáticos en Red;ASIR_V;N;19/09/2025;2003892;;;;2807030;
1727967;10224487;837;2025;O;CFGS (Mod. E-Learning) (LOFP) - Administración de Sistemas Informáticos en Red;ASIR_V;N;19/09/2025;2003892;;Anulada;15/10/2025;2807031;
294948;10224831;837;2025;O;CFGS (Mod. E-Learning) (LOFP) - Administración de Sistemas Informáticos en Red;ASIR_V;N;19/09/2025;2003892;;Anulada;03/02/2026;2806987;
194523;10224492;837;2025;O;CFGS (Mod. E-Learning) (LOFP) - Administración de Sistemas Informáticos en Red;ASIR_V;S;19/09/2025;2003892;2003892;;;2806403;
320176;10224481;837;2025;O;CFGS (Mod. E-Learning) (LOFP) - Administración de Sistemas Informáticos en Red;ASIR_V;S;19/09/2025;2003892;2003892;;;2805683;
114510;10233599;837;2025;O;CFGS (Mod. E-Learning) (LOFP) - Administración de Sistemas Informáticos en Red;ASIR_V;N;22/09/2025;2003892;;;;2807114;
547026;10231911;837;2025;O;CFGS (Mod. E-Learning) (LOFP) - Administración de Sistemas Informáticos en Red;ASIR_V;N;22/09/2025;2003892;;;;755;
550457;10231912;837;2025;O;CFGS (Mod. E-Learning) (LOFP) - Administración de Sistemas Informáticos en Red;ASIR_V;N;22/09/2025;2003892;;Anulada;05/11/2025;2807109;
348293;10224838;837;2025;O;CFGS (Mod. E-Learning) (LOFP) - Administración de Sistemas Informáticos en Red;ASIR_V;N;19/09/2025;2003892;;;;7207;
159381;10224851;837;2025;O;CFGS (Mod. E-Learning) (LOFP) - Administración de Sistemas Informáticos en Red;ASIR_V;N;19/09/2025;2003892;;;;2806995;
130239;10224858;837;2025;O;CFGS (Mod. E-Learning) (LOFP) - Administración de Sistemas Informáticos en Red;ASIR_V;S;19/09/2025;2003892;13002691;;;2807035;
288466;10224861;837;2025;O;CFGS (Mod. E-Learning) (LOFP) - Administración de Sistemas Informáticos en Red;ASIR_V;N;19/09/2025;2003892;;Anulada;19/02/2026;2807037;
230236;10224843;837;2025;O;CFGS (Mod. E-Learning) (LOFP) - Administración de Sistemas Informáticos en Red;ASIR_V;S;19/09/2025;2003892;2003892;;;2806241;
108868;10224847;837;2025;O;CFGS (Mod. E-Learning) (LOFP) - Administración de Sistemas Informáticos en Red;ASIR_V;S;19/09/2025;2003892;2003892;;;2806445;
361223;10331707;837;2025;O;CFGS (Mod. E-Learning) (LOFP) - Administración de Sistemas Informáticos en Red;ASIR_V;N;13/11/2025;2003892;;;;2807216;
1738087;10224646;837;2025;O;CFGS (Mod. E-Learning) (LOFP) - Administración de Sistemas Informáticos en Red;ASIR_V;N;19/09/2025;2003892;;;;2807058;
294829;10237439;837;2025;O;CFGS (Mod. E-Learning) (LOFP) - Administración de Sistemas Informáticos en Red;ASIR_V;N;23/09/2025;2003892;;;;2807121;
1663087;10237461;837;2025;O;CFGS (Mod. E-Learning) (LOFP) - Administración de Sistemas Informáticos en Red;ASIR_V;N;23/09/2025;2003892;;;;2807134;
447025;10237467;837;2025;O;CFGS (Mod. E-Learning) (LOFP) - Administración de Sistemas Informáticos en Red;ASIR_V;N;23/09/2025;2003892;;;;554;
319817;10292864;837;2025;O;CFGS (Mod. E-Learning) (LOFP) - Administración de Sistemas Informáticos en Red;ASIR_V;N;13/10/2025;2003892;;;;2806731;
1662818;10237458;837;2025;O;CFGS (Mod. E-Learning) (LOFP) - Administración de Sistemas Informáticos en Red;ASIR_V;S;23/09/2025;2003892;13002691;;;2807132;
376727;10288961;837;2025;O;CFGS (Mod. E-Learning) (LOFP) - Administración de Sistemas Informáticos en Red;ASIR_V;N;10/10/2025;2003892;;;;2806542;
563723;10237433;837;2025;O;CFGS (Mod. E-Learning) (LOFP) - Administración de Sistemas Informáticos en Red;ASIR_V;S;23/09/2025;2003892;2003892;;;2806203;
165151;10237437;837;2025;O;CFGS (Mod. E-Learning) (LOFP) - Administración de Sistemas Informáticos en Red;ASIR_V;N;23/09/2025;2003892;;;;2807120;
366208;10237443;837;2025;O;CFGS (Mod. E-Learning) (LOFP) - Administración de Sistemas Informáticos en Red;ASIR_V;N;23/09/2025;2003892;;;;2807123;
236147;10237452;837;2025;O;CFGS (Mod. E-Learning) (LOFP) - Administración de Sistemas Informáticos en Red;ASIR_V;N;23/09/2025;2003892;;;;2807128;
332449;10237454;837;2025;O;CFGS (Mod. E-Learning) (LOFP) - Administración de Sistemas Informáticos en Red;ASIR_V;N;23/09/2025;2003892;;;;449;
70803;10237455;837;2025;O;CFGS (Mod. E-Learning) (LOFP) - Administración de Sistemas Informáticos en Red;ASIR_V;N;23/09/2025;2003892;;;;2807130;
226638;10248503;837;2025;O;CFGS (Mod. E-Learning) (LOFP) - Administración de Sistemas Informáticos en Red;ASIR_V;N;26/09/2025;2003892;;;;2807168;
195425;10240475;837;2025;O;CFGS (Mod. E-Learning) (LOFP) - Administración de Sistemas Informáticos en Red;ASIR_V;S;24/09/2025;2003892;2003892;;;7459;
522259;10230897;837;2025;O;CFGS (Mod. E-Learning) (LOFP) - Administración de Sistemas Informáticos en Red;ASIR_V;S;22/09/2025;2003892;2003892;Anulada;09/01/2026;8347;
1732607;10237653;837;2025;O;CFGS (Mod. E-Learning) (LOFP) - Administración de Sistemas Informáticos en Red;ASIR_V;N;23/09/2025;2003892;;;;2807139;
643852;10237464;837;2025;O;CFGS (Mod. E-Learning) (LOFP) - Administración de Sistemas Informáticos en Red;ASIR_V;S;23/09/2025;2003892;2003892;;;2188252;
1498390;10231005;837;2025;O;CFGS (Mod. E-Learning) (LOFP) - Administración de Sistemas Informáticos en Red;ASIR_V;S;22/09/2025;2003892;2003892;;;2806438;
1734965;10240469;837;2025;O;CFGS (Mod. E-Learning) (LOFP) - Administración de Sistemas Informáticos en Red;ASIR_V;N;24/09/2025;2003892;;;;2807148;
1732592;10240470;837;2025;O;CFGS (Mod. E-Learning) (LOFP) - Administración de Sistemas Informáticos en Red;ASIR_V;N;24/09/2025;2003892;;Anulada;23/03/2026;2807149;
183463;10249670;837;2025;O;CFGS (Mod. E-Learning) (LOFP) - Administración de Sistemas Informáticos en Red;ASIR_V;N;26/09/2025;2003892;;;;2807170;
1594849;10317813;837;2025;O;CFGS (Mod. E-Learning) (LOFP) - Administración de Sistemas Informáticos en Red;ASIR_V;N;28/10/2025;2003892;;;;2807214;
359126;10230911;837;2025;O;CFGS (Mod. E-Learning) (LOFP) - Administración de Sistemas Informáticos en Red;ASIR_V;N;22/09/2025;2003892;;;;2807070;
76357;10230914;837;2025;O;CFGS (Mod. E-Learning) (LOFP) - Administración de Sistemas Informáticos en Red;ASIR_V;N;22/09/2025;2003892;;;;2807072;
280273;10240790;837;2025;O;CFGS (Mod. E-Learning) (LOFP) - Administración de Sistemas Informáticos en Red;ASIR_V;N;24/09/2025;2003892;;;;8357;
347254;10231007;837;2025;O;CFGS (Mod. E-Learning) (LOFP) - Administración de Sistemas Informáticos en Red;ASIR_V;N;22/09/2025;2003892;;;;2807111;
286038;10240461;837;2025;O;CFGS (Mod. E-Learning) (LOFP) - Administración de Sistemas Informáticos en Red;ASIR_V;N;24/09/2025;2003892;;;;2807143;
314069;10240462;837;2025;O;CFGS (Mod. E-Learning) (LOFP) - Administración de Sistemas Informáticos en Red;ASIR_V;N;24/09/2025;2003892;;;;2807144;
228578;10240465;837;2025;O;CFGS (Mod. E-Learning) (LOFP) - Administración de Sistemas Informáticos en Red;ASIR_V;N;24/09/2025;2003892;;;;8638;
1326596;10240474;837;2025;O;CFGS (Mod. E-Learning) (LOFP) - Administración de Sistemas Informáticos en Red;ASIR_V;N;24/09/2025;2003892;;;;2807152;
491898;10240477;837;2025;O;CFGS (Mod. E-Learning) (LOFP) - Administración de Sistemas Informáticos en Red;ASIR_V;N;24/09/2025;2003892;;;;2807153;
142083;10242660;837;2025;O;CFGS (Mod. E-Learning) (LOFP) - Administración de Sistemas Informáticos en Red;ASIR_V;N;24/09/2025;2003892;;Anulada;30/09/2025;2807161;
295915;10244831;837;2025;O;CFGS (Mod. E-Learning) (LOFP) - Administración de Sistemas Informáticos en Red;ASIR_V;S;25/09/2025;2003892;13002691;Anulada;09/03/2026;2806309;
246093;10230906;837;2025;O;CFGS (Mod. E-Learning) (LOFP) - Administración de Sistemas Informáticos en Red;ASIR_V;N;22/09/2025;2003892;;;;2807066;
356199;10230916;837;2025;O;CFGS (Mod. E-Learning) (LOFP) - Administración de Sistemas Informáticos en Red;ASIR_V;N;22/09/2025;2003892;;;;2807073;
180789;10266469;837;2025;O;CFGS (Mod. E-Learning) (LOFP) - Administración de Sistemas Informáticos en Red;ASIR_V;N;02/10/2025;2003892;;;;8142;
85361;10282829;837;2025;O;CFGS (Mod. E-Learning) (LOFP) - Administración de Sistemas Informáticos en Red;ASIR_V;N;09/10/2025;2003892;;;;2807188;
262314;10297830;837;2025;O;CFGS (Mod. E-Learning) (LOFP) - Administración de Sistemas Informáticos en Red;ASIR_V;S;14/10/2025;2003892;2003892;;;2806270;
75647;10244281;837;2025;O;CFGS (Mod. E-Learning) (LOFP) - Administración de Sistemas Informáticos en Red;ASIR_V;N;25/09/2025;2003892;;;;406;
142083;10261816;837;2025;O;CFGS (Mod. E-Learning) (LOFP) - Administración de Sistemas Informáticos en Red;ASIR_V;N;30/09/2025;2003892;;;;2807161;
343750;10230942;837;2025;O;CFGS (Mod. E-Learning) (LOFP) - Administración de Sistemas Informáticos en Red;ASIR_V;S;22/09/2025;2003892;2003892;;;2188870;
1660077;10230992;837;2025;O;CFGS (Mod. E-Learning) (LOFP) - Administración de Sistemas Informáticos en Red;ASIR_V;S;22/09/2025;2003892;2003892;;;2806493;
1732275;10230999;837;2025;O;CFGS (Mod. E-Learning) (LOFP) - Administración de Sistemas Informáticos en Red;ASIR_V;N;22/09/2025;2003892;;;;2807106;
335037;10244826;837;2025;O;CFGS (Mod. E-Learning) (LOFP) - Administración de Sistemas Informáticos en Red;ASIR_V;N;25/09/2025;2003892;;;;5864;
1343803;10230928;837;2025;O;CFGS (Mod. E-Learning) (LOFP) - Administración de Sistemas Informáticos en Red;ASIR_V;S;22/09/2025;2003892;2003892;;;2188249;
1227115;10242627;837;2025;O;CFGS (Mod. E-Learning) (LOFP) - Administración de Sistemas Informáticos en Red;ASIR_V;S;24/09/2025;2003892;13002691;;;2807157;
532856;10287983;837;2025;O;CFGS (Mod. E-Learning) (LOFP) - Administración de Sistemas Informáticos en Red;ASIR_V;N;10/10/2025;2003892;;;;2187881;
580032;10304385;837;2025;O;CFGS (Mod. E-Learning) (LOFP) - Administración de Sistemas Informáticos en Red;ASIR_V;N;16/10/2025;2003892;;;;2807206;
1343804;10230903;837;2025;O;CFGS (Mod. E-Learning) (LOFP) - Administración de Sistemas Informáticos en Red;ASIR_V;S;22/09/2025;2003892;2003892;;;2188247;
1178519;10230915;837;2025;O;CFGS (Mod. E-Learning) (LOFP) - Administración de Sistemas Informáticos en Red;ASIR_V;S;22/09/2025;2003892;2003892;;;2188447;
1659367;10257979;837;2025;O;CFGS (Mod. E-Learning) (LOFP) - Administración de Sistemas Informáticos en Red;ASIR_V;S;29/09/2025;2003892;2003892;;;2806467;
1660849;10230926;837;2025;O;CFGS (Mod. E-Learning) (LOFP) - Administración de Sistemas Informáticos en Red;ASIR_V;S;22/09/2025;2003892;2003892;;;2806503;
1660021;10230951;837;2025;O;CFGS (Mod. E-Learning) (LOFP) - Administración de Sistemas Informáticos en Red;ASIR_V;S;22/09/2025;2003892;2003892;;;2806476;
661978;10372815;837;2025;O;CFGS (Mod. E-Learning) (LOFP) - Administración de Sistemas Informáticos en Red;ASIR_V;N;28/12/2025;2003892;;;;2805304;
725908;10278020;837;2025;O;CFGS (Mod. E-Learning) (LOFP) - Administración de Sistemas Informáticos en Red;ASIR_V;N;07/10/2025;2003892;;;;2807186;
623793;10299814;837;2025;O;CFGS (Mod. E-Learning) (LOFP) - Administración de Sistemas Informáticos en Red;ASIR_V;N;14/10/2025;2003892;;;;2807200;
1007353;10230925;837;2025;O;CFGS (Mod. E-Learning) (LOFP) - Administración de Sistemas Informáticos en Red;ASIR_V;N;22/09/2025;2003892;;;;8054;
146533;10230943;837;2025;O;CFGS (Mod. E-Learning) (LOFP) - Administración de Sistemas Informáticos en Red;ASIR_V;N;22/09/2025;2003892;;;;2807085;
696406;10230944;837;2025;O;CFGS (Mod. E-Learning) (LOFP) - Administración de Sistemas Informáticos en Red;ASIR_V;N;22/09/2025;2003892;;;;2807086;
89314;10230946;837;2025;O;CFGS (Mod. E-Learning) (LOFP) - Administración de Sistemas Informáticos en Red;ASIR_V;S;22/09/2025;2003892;13002691;;;2807088;
37019;10230948;837;2025;O;CFGS (Mod. E-Learning) (LOFP) - Administración de Sistemas Informáticos en Red;ASIR_V;N;22/09/2025;2003892;;;;2807089;
895804;10230949;837;2025;O;CFGS (Mod. E-Learning) (LOFP) - Administración de Sistemas Informáticos en Red;ASIR_V;N;22/09/2025;2003892;;;;2807090;
1647220;10230952;837;2025;O;CFGS (Mod. E-Learning) (LOFP) - Administración de Sistemas Informáticos en Red;ASIR_V;N;22/09/2025;2003892;;;;2807092;
179603;10230955;837;2025;O;CFGS (Mod. E-Learning) (LOFP) - Administración de Sistemas Informáticos en Red;ASIR_V;N;22/09/2025;2003892;;;;2807094;
294615;10230956;837;2025;O;CFGS (Mod. E-Learning) (LOFP) - Administración de Sistemas Informáticos en Red;ASIR_V;S;22/09/2025;2003892;2003892;;;2806289;
148511;10320884;837;2025;O;CFGS (Mod. E-Learning) (LOFP) - Administración de Sistemas Informáticos en Red;ASIR_V;N;30/10/2025;2003892;;;;2805261;
658617;10230965;837;2025;O;CFGS (Mod. E-Learning) (LOFP) - Administración de Sistemas Informáticos en Red;ASIR_V;S;22/09/2025;2003892;2003892;;;2806359;
177829;10230966;837;2025;O;CFGS (Mod. E-Learning) (LOFP) - Administración de Sistemas Informáticos en Red;ASIR_V;S;22/09/2025;2003892;13002691;;;2807101;
1219014;10230990;837;2025;O;CFGS (Mod. E-Learning) (LOFP) - Administración de Sistemas Informáticos en Red;ASIR_V;N;22/09/2025;2003892;;;;2807104;
594076;10230995;837;2025;O;CFGS (Mod. E-Learning) (LOFP) - Administración de Sistemas Informáticos en Red;ASIR_V;N;22/09/2025;2003892;;;;2188404;
627938;10230996;837;2025;O;CFGS (Mod. E-Learning) (LOFP) - Administración de Sistemas Informáticos en Red;ASIR_V;S;22/09/2025;2003892;2003892;Anulada;06/03/2026;2806266;
1441731;10230998;837;2025;O;CFGS (Mod. E-Learning) (LOFP) - Administración de Sistemas Informáticos en Red;ASIR_V;N;22/09/2025;2003892;;Anulada;16/03/2026;2807105;
50915;10282843;837;2025;O;CFGS (Mod. E-Learning) (LOFP) - Administración de Sistemas Informáticos en Red;ASIR_V;S;09/10/2025;2003892;2003892;;;2806274;
1222567;10368516;837;2025;O;CFGS (Mod. E-Learning) (LOFP) - Administración de Sistemas Informáticos en Red;ASIR_V;N;18/12/2025;2003892;;;;2807218;
392538;10258023;837;2025;O;CFGS (Mod. E-Learning) (LOFP) - Administración de Sistemas Informáticos en Red;ASIR_V;N;29/09/2025;2003892;;Anulada;11/12/2025;918;
529159;10224480;837;2025;O;CFGS (Mod. E-Learning) (LOFP) - Administración de Sistemas Informáticos en Red;;N;19/09/2025;2003892;;Anulada;24/09/2025;2807027;
1732541;10223883;837;2025;O;CFGS (Mod. E-Learning) (LOFP) - Asistencia a la Dirección;AD_V;N;19/09/2025;2003892;;;;2807033;
1331912;10224446;837;2025;O;CFGS (Mod. E-Learning) (LOFP) - Asistencia a la Dirección;AD_V;N;19/09/2025;2003892;;;;2807009;
1385865;10224450;837;2025;O;CFGS (Mod. E-Learning) (LOFP) - Asistencia a la Dirección;AD_V;S;19/09/2025;2003892;2003892;;;2806456;
115853;10224453;837;2025;O;CFGS (Mod. E-Learning) (LOFP) - Asistencia a la Dirección;AD_V;S;19/09/2025;2003892;2003892;;;2188746;
371008;10224393;837;2025;O;CFGS (Mod. E-Learning) (LOFP) - Asistencia a la Dirección;AD_V;N;19/09/2025;2003892;;;;2806968;
423188;10224507;837;2025;O;CFGS (Mod. E-Learning) (LOFP) - Asistencia a la Dirección;AD_V;N;19/09/2025;2003892;;;;2807046;
453604;10224509;837;2025;O;CFGS (Mod. E-Learning) (LOFP) - Asistencia a la Dirección;AD_V;N;19/09/2025;2003892;;;;2807047;
1039944;10224394;837;2025;O;CFGS (Mod. E-Learning) (LOFP) - Asistencia a la Dirección;AD_V;N;19/09/2025;2003892;;;;2806969;
1590883;10224352;837;2025;O;CFGS (Mod. E-Learning) (LOFP) - Asistencia a la Dirección;AD_V;N;19/09/2025;2003892;;;;2806947;
1728097;10224382;837;2025;O;CFGS (Mod. E-Learning) (LOFP) - Asistencia a la Dirección;AD_V;N;19/09/2025;2003892;;;;2806962;
1732260;10224433;837;2025;O;CFGS (Mod. E-Learning) (LOFP) - Asistencia a la Dirección;AD_V;N;19/09/2025;2003892;;Anulada;12/01/2026;2807000;
1730185;10224436;837;2025;O;CFGS (Mod. E-Learning) (LOFP) - Asistencia a la Dirección;AD_V;N;19/09/2025;2003892;;Anulada;03/02/2026;2807003;
226915;10224460;837;2025;O;CFGS (Mod. E-Learning) (LOFP) - Asistencia a la Dirección;AD_V;S;19/09/2025;2003892;2003892;;;2189036;
187800;10224501;837;2025;O;CFGS (Mod. E-Learning) (LOFP) - Asistencia a la Dirección;AD_V;S;19/09/2025;2003892;2003892;;;9051;
397968;10224503;837;2025;O;CFGS (Mod. E-Learning) (LOFP) - Asistencia a la Dirección;AD_V;S;19/09/2025;2003892;2003892;;;8010;
293290;10224397;837;2025;O;CFGS (Mod. E-Learning) (LOFP) - Asistencia a la Dirección;AD_V;S;19/09/2025;2003892;2003892;;;2805096;
144222;10224407;837;2025;O;CFGS (Mod. E-Learning) (LOFP) - Asistencia a la Dirección;AD_V;N;19/09/2025;2003892;;;;2806976;
673779;10224360;837;2025;O;CFGS (Mod. E-Learning) (LOFP) - Asistencia a la Dirección;AD_V;N;19/09/2025;2003892;;;;2805310;
39185;10224362;837;2025;O;CFGS (Mod. E-Learning) (LOFP) - Asistencia a la Dirección;AD_V;S;19/09/2025;2003892;2003892;;;2805486;
174351;10224363;837;2025;O;CFGS (Mod. E-Learning) (LOFP) - Asistencia a la Dirección;AD_V;S;19/09/2025;2003892;2003892;;;2188540;
277938;10224370;837;2025;O;CFGS (Mod. E-Learning) (LOFP) - Asistencia a la Dirección;AD_V;N;19/09/2025;2003892;;;;2806956;
194633;10224374;837;2025;O;CFGS (Mod. E-Learning) (LOFP) - Asistencia a la Dirección;AD_V;S;19/09/2025;2003892;2003892;;;2806200;
357876;10224423;837;2025;O;CFGS (Mod. E-Learning) (LOFP) - Asistencia a la Dirección;AD_V;S;19/09/2025;2003892;2003892;;;2805498;
428316;10224424;837;2025;O;CFGS (Mod. E-Learning) (LOFP) - Asistencia a la Dirección;AD_V;N;19/09/2025;2003892;;Anulada;12/01/2026;2806996;
1463118;10224427;837;2025;O;CFGS (Mod. E-Learning) (LOFP) - Asistencia a la Dirección;AD_V;N;19/09/2025;2003892;;;;2806998;
144452;10224437;837;2025;O;CFGS (Mod. E-Learning) (LOFP) - Asistencia a la Dirección;AD_V;N;19/09/2025;2003892;;;;2807004;
669946;10224438;837;2025;O;CFGS (Mod. E-Learning) (LOFP) - Asistencia a la Dirección;AD_V;N;19/09/2025;2003892;;Anulada;26/01/2026;2807005;
198907;10224404;837;2025;O;CFGS (Mod. E-Learning) (LOFP) - Asistencia a la Dirección;AD_V;S;19/09/2025;2003892;2003892;;;8731;
54629;10224416;837;2025;O;CFGS (Mod. E-Learning) (LOFP) - Asistencia a la Dirección;AD_V;S;19/09/2025;2003892;2003892;;;2188121;
77077;10224471;837;2025;O;CFGS (Mod. E-Learning) (LOFP) - Asistencia a la Dirección;AD_V;S;19/09/2025;2003892;2003892;;;2805667;
1734977;10224472;837;2025;O;CFGS (Mod. E-Learning) (LOFP) - Asistencia a la Dirección;AD_V;N;19/09/2025;2003892;;;;2807022;
1509544;10224476;837;2025;O;CFGS (Mod. E-Learning) (LOFP) - Asistencia a la Dirección;AD_V;S;19/09/2025;2003892;2003892;;;2805250;
1735825;10224829;837;2025;O;CFGS (Mod. E-Learning) (LOFP) - Asistencia a la Dirección;AD_V;N;19/09/2025;2003892;;;;2806985;
1128442;10224474;837;2025;O;CFGS (Mod. E-Learning) (LOFP) - Asistencia a la Dirección;AD_V;N;19/09/2025;2003892;;;;2807024;
889043;10224486;837;2025;O;CFGS (Mod. E-Learning) (LOFP) - Asistencia a la Dirección;AD_V;N;19/09/2025;2003892;;;;199;
420976;10224489;837;2025;O;CFGS (Mod. E-Learning) (LOFP) - Asistencia a la Dirección;AD_V;S;19/09/2025;2003892;2003892;;;2805154;
459148;10224490;837;2025;O;CFGS (Mod. E-Learning) (LOFP) - Asistencia a la Dirección;AD_V;N;19/09/2025;2003892;;;;2807032;
515819;10303832;837;2025;O;CFGS (Mod. E-Learning) (LOFP) - Asistencia a la Dirección;AD_V;N;16/10/2025;2003892;;Anulada;16/10/2025;2807177;
1730303;10224837;837;2025;O;CFGS (Mod. E-Learning) (LOFP) - Asistencia a la Dirección;AD_V;N;19/09/2025;2003892;;;;2806990;
199283;10224844;837;2025;O;CFGS (Mod. E-Learning) (LOFP) - Asistencia a la Dirección;AD_V;N;19/09/2025;2003892;;;;2806991;
1449834;10224845;837;2025;O;CFGS (Mod. E-Learning) (LOFP) - Asistencia a la Dirección;AD_V;N;19/09/2025;2003892;;;;2806992;
334138;10224834;837;2025;O;CFGS (Mod. E-Learning) (LOFP) - Asistencia a la Dirección;AD_V;S;19/09/2025;2003892;2003892;Anulada;04/02/2026;2805755;
32483;10224475;837;2025;O;CFGS (Mod. E-Learning) (LOFP) - Asistencia a la Dirección;AD_V;S;19/09/2025;2003892;2003892;Anulada;25/09/2025;8987;
49809;10224479;837;2025;O;CFGS (Mod. E-Learning) (LOFP) - Asistencia a la Dirección;AD_V;S;19/09/2025;2003892;2003892;;;2806401;
451368;10224512;837;2025;O;CFGS (Mod. E-Learning) (LOFP) - Asistencia a la Dirección;AD_V;S;19/09/2025;2003892;2003892;;;2805727;
325197;10224832;837;2025;O;CFGS (Mod. E-Learning) (LOFP) - Asistencia a la Dirección;AD_V;S;19/09/2025;2003892;2003892;;;2805622;
385194;10224842;837;2025;O;CFGS (Mod. E-Learning) (LOFP) - Asistencia a la Dirección;AD_V;N;19/09/2025;2003892;;;;966;
95743;10224859;837;2025;O;CFGS (Mod. E-Learning) (LOFP) - Asistencia a la Dirección;AD_V;N;19/09/2025;2003892;;;;2807036;
58187;10224839;837;2025;O;CFGS (Mod. E-Learning) (LOFP) - Asistencia a la Dirección;AD_V;S;19/09/2025;2003892;2003892;;;2189167;
317999;10224860;837;2025;O;CFGS (Mod. E-Learning) (LOFP) - Asistencia a la Dirección;AD_V;S;19/09/2025;2003892;2003892;;;2188236;
1455372;10224864;837;2025;O;CFGS (Mod. E-Learning) (LOFP) - Asistencia a la Dirección;AD_V;S;19/09/2025;2003892;2003892;;;2806315;
90143;10224868;837;2025;O;CFGS (Mod. E-Learning) (LOFP) - Asistencia a la Dirección;AD_V;S;19/09/2025;2003892;2003892;;;2805114;
1732397;10237430;837;2025;O;CFGS (Mod. E-Learning) (LOFP) - Asistencia a la Dirección;AD_V;N;23/09/2025;2003892;;;;2807118;
1661287;10237442;837;2025;O;CFGS (Mod. E-Learning) (LOFP) - Asistencia a la Dirección;AD_V;S;23/09/2025;2003892;2003892;;;2806413;
1723763;10237447;837;2025;O;CFGS (Mod. E-Learning) (LOFP) - Asistencia a la Dirección;AD_V;N;23/09/2025;2003892;;Anulada;24/02/2026;2807126;
1582065;10237459;837;2025;O;CFGS (Mod. E-Learning) (LOFP) - Asistencia a la Dirección;AD_V;N;23/09/2025;2003892;;;;2807133;
772890;10237438;837;2025;O;CFGS (Mod. E-Learning) (LOFP) - Asistencia a la Dirección;AD_V;S;23/09/2025;2003892;2003892;;;8019;
143334;10237451;837;2025;O;CFGS (Mod. E-Learning) (LOFP) - Asistencia a la Dirección;AD_V;N;23/09/2025;2003892;;;;2807127;
72746;10237460;837;2025;O;CFGS (Mod. E-Learning) (LOFP) - Asistencia a la Dirección;AD_V;N;23/09/2025;2003892;;;;7766;
412272;10278383;837;2025;O;CFGS (Mod. E-Learning) (LOFP) - Asistencia a la Dirección;AD_V;N;07/10/2025;2003892;;;;2807185;
1660557;10240459;837;2025;O;CFGS (Mod. E-Learning) (LOFP) - Asistencia a la Dirección;AD_V;S;24/09/2025;2003892;2003892;;;2806389;
511635;10304330;837;2025;O;CFGS (Mod. E-Learning) (LOFP) - Asistencia a la Dirección;AD_V;N;16/10/2025;2003892;;;;2807179;
515819;10263459;837;2025;O;CFGS (Mod. E-Learning) (LOFP) - Asistencia a la Dirección;AD_V;N;01/10/2025;2003892;;Anulada;16/10/2025;2807177;
511635;10263461;837;2025;O;CFGS (Mod. E-Learning) (LOFP) - Asistencia a la Dirección;AD_V;N;01/10/2025;2003892;;Anulada;16/10/2025;2807179;
1724419;10230918;837;2025;O;CFGS (Mod. E-Learning) (LOFP) - Asistencia a la Dirección;AD_V;N;22/09/2025;2003892;;;;2807074;
1730185;10392382;837;2025;O;CFGS (Mod. E-Learning) (LOFP) - Asistencia a la Dirección;AD_V;N;03/02/2026;2003892;;;;2807003;
245718;10237432;837;2025;O;CFGS (Mod. E-Learning) (LOFP) - Asistencia a la Dirección;AD_V;S;23/09/2025;2003892;2003892;Anulada;13/10/2025;2806321;
1387200;10237441;837;2025;O;CFGS (Mod. E-Learning) (LOFP) - Asistencia a la Dirección;AD_V;S;23/09/2025;2003892;2003892;;;2188702;
1728916;10244827;837;2025;O;CFGS (Mod. E-Learning) (LOFP) - Asistencia a la Dirección;AD_V;N;25/09/2025;2003892;;;;2807162;
1220899;10231006;837;2025;O;CFGS (Mod. E-Learning) (LOFP) - Asistencia a la Dirección;AD_V;N;22/09/2025;2003892;;;;2188782;
565725;10231009;837;2025;O;CFGS (Mod. E-Learning) (LOFP) - Asistencia a la Dirección;AD_V;S;22/09/2025;2003892;2003892;;;2805721;
188350;10240464;837;2025;O;CFGS (Mod. E-Learning) (LOFP) - Asistencia a la Dirección;AD_V;N;24/09/2025;2003892;;;;2807145;
330174;10240468;837;2025;O;CFGS (Mod. E-Learning) (LOFP) - Asistencia a la Dirección;AD_V;N;24/09/2025;2003892;;;;2807147;
1736947;10240473;837;2025;O;CFGS (Mod. E-Learning) (LOFP) - Asistencia a la Dirección;AD_V;N;24/09/2025;2003892;;;;2807151;
1736954;10230910;837;2025;O;CFGS (Mod. E-Learning) (LOFP) - Asistencia a la Dirección;AD_V;N;22/09/2025;2003892;;;;2807069;
199005;10244828;837;2025;O;CFGS (Mod. E-Learning) (LOFP) - Asistencia a la Dirección;AD_V;N;25/09/2025;2003892;;;;2807163;
136316;10244829;837;2025;O;CFGS (Mod. E-Learning) (LOFP) - Asistencia a la Dirección;AD_V;N;25/09/2025;2003892;;;;2807164;
857975;10304329;837;2025;O;CFGS (Mod. E-Learning) (LOFP) - Asistencia a la Dirección;AD_V;N;16/10/2025;2003892;;;;2807178;
857975;10263460;837;2025;O;CFGS (Mod. E-Learning) (LOFP) - Asistencia a la Dirección;AD_V;N;01/10/2025;2003892;;Anulada;16/10/2025;2807178;
1079545;10230902;837;2025;O;CFGS (Mod. E-Learning) (LOFP) - Asistencia a la Dirección;AD_V;S;22/09/2025;2003892;2003892;;;2188355;
41117;10230908;837;2025;O;CFGS (Mod. E-Learning) (LOFP) - Asistencia a la Dirección;AD_V;S;22/09/2025;2003892;2003892;;;2806319;
56630;10230909;837;2025;O;CFGS (Mod. E-Learning) (LOFP) - Asistencia a la Dirección;AD_V;N;22/09/2025;2003892;;;;2807068;
983091;10295828;837;2025;O;CFGS (Mod. E-Learning) (LOFP) - Asistencia a la Dirección;AD_V;N;14/10/2025;2003892;;;;2806865;
1683803;10230945;837;2025;O;CFGS (Mod. E-Learning) (LOFP) - Asistencia a la Dirección;AD_V;N;22/09/2025;2003892;;;;2807087;
737561;10230960;837;2025;O;CFGS (Mod. E-Learning) (LOFP) - Asistencia a la Dirección;AD_V;N;22/09/2025;2003892;;;;2807097;
1667672;10230993;837;2025;O;CFGS (Mod. E-Learning) (LOFP) - Asistencia a la Dirección;AD_V;S;22/09/2025;2003892;2003892;;;2806280;
1643538;10231000;837;2025;O;CFGS (Mod. E-Learning) (LOFP) - Asistencia a la Dirección;AD_V;N;22/09/2025;2003892;;;;2807107;
484378;10231008;837;2025;O;CFGS (Mod. E-Learning) (LOFP) - Asistencia a la Dirección;AD_V;S;22/09/2025;2003892;2003892;;;5865;
246534;10231011;837;2025;O;CFGS (Mod. E-Learning) (LOFP) - Asistencia a la Dirección;AD_V;S;22/09/2025;2003892;2003892;;;2188233;
21558;10242628;837;2025;O;CFGS (Mod. E-Learning) (LOFP) - Asistencia a la Dirección;AD_V;N;24/09/2025;2003892;;;;2807158;
950687;10311820;837;2025;O;CFGS (Mod. E-Learning) (LOFP) - Asistencia a la Dirección;AD_V;N;21/10/2025;2003892;;;;2807210;
581134;10312849;837;2025;O;CFGS (Mod. E-Learning) (LOFP) - Asistencia a la Dirección;AD_V;N;22/10/2025;2003892;;;;8262;
104801;10319901;837;2025;O;CFGS (Mod. E-Learning) (LOFP) - Asistencia a la Dirección;AD_V;S;29/10/2025;2003892;2003892;;;2189136;
348300;10312994;837;2025;O;CFGS (Mod. E-Learning) (LOFP) - Asistencia a la Dirección;AD_V;S;23/10/2025;2003892;2003892;;;524;
983356;10324565;837;2025;O;CFGS (Mod. E-Learning) (LOFP) - Asistencia a la Dirección;AD_V;N;04/11/2025;2003892;;;;2806817;
158393;10273936;837;2025;O;CFGS (Mod. E-Learning) (LOFP) - Asistencia a la Dirección;AD_V;N;06/10/2025;2003892;;;;2806846;
53179;10282842;837;2025;O;CFGS (Mod. E-Learning) (LOFP) - Asistencia a la Dirección;AD_V;S;09/10/2025;2003892;2003892;;;2806290;
146135;10230938;837;2025;O;CFGS (Mod. E-Learning) (LOFP) - Asistencia a la Dirección;AD_V;N;22/09/2025;2003892;;;;2807083;
144239;10230941;837;2025;O;CFGS (Mod. E-Learning) (LOFP) - Asistencia a la Dirección;AD_V;N;22/09/2025;2003892;;;;2807084;
419759;10230950;837;2025;O;CFGS (Mod. E-Learning) (LOFP) - Asistencia a la Dirección;AD_V;N;22/09/2025;2003892;;;;2807091;
41432;10230954;837;2025;O;CFGS (Mod. E-Learning) (LOFP) - Asistencia a la Dirección;AD_V;N;22/09/2025;2003892;;;;2807093;
142862;10230963;837;2025;O;CFGS (Mod. E-Learning) (LOFP) - Asistencia a la Dirección;AD_V;N;22/09/2025;2003892;;;;2807099;
1138156;10230986;837;2025;O;CFGS (Mod. E-Learning) (LOFP) - Asistencia a la Dirección;AD_V;N;22/09/2025;2003892;;;;2807102;
1379861;10230991;837;2025;O;CFGS (Mod. E-Learning) (LOFP) - Asistencia a la Dirección;AD_V;S;22/09/2025;2003892;2003892;;;2806364;
5537;10230930;837;2025;O;CFGS (Mod. E-Learning) (LOFP) - Asistencia a la Dirección;AD_V;S;22/09/2025;2003892;2003892;;;2805611;
364405;10230939;837;2025;O;CFGS (Mod. E-Learning) (LOFP) - Asistencia a la Dirección;AD_V;S;22/09/2025;2003892;2003892;;;421;
767902;10230994;837;2025;O;CFGS (Mod. E-Learning) (LOFP) - Asistencia a la Dirección;AD_V;S;22/09/2025;2003892;2003892;;;8597;
554872;10237446;837;2025;O;CFGS (Mod. E-Learning) (LOFP) - Asistencia a la Dirección;XAD_V;N;23/09/2025;2003892;;Anulada;27/11/2025;2807125;
185864;10230901;837;2025;O;CFGS (Mod. E-Learning) (LOFP) - Asistencia a la Dirección;XAD_V;N;22/09/2025;2003892;;Anulada;09/10/2025;2807064;
311204;10230932;837;2025;O;CFGS (Mod. E-Learning) (LOFP) - Asistencia a la Dirección;XAD_V;S;22/09/2025;2003892;2003892;Anulada;25/11/2025;2806332;
320619;10230923;837;2025;O;CFGS (Mod. E-Learning) (LOFP) - Asistencia a la Dirección;XAD_V;N;22/09/2025;2003892;;Anulada;05/11/2025;2807077;
302599;10224849;837;2025;O;CFGS (Mod. E-Learning) (LOFP) - Asistencia a la Dirección;;N;19/09/2025;2003892;;Anulada;22/09/2025;2806994;
159421;10224444;837;2025;O;CFGS (Mod. E-Learning) (LOFP) - Desarrollo de Aplicaciones Multiplataforma;DAM_V;N;19/09/2025;2003892;;;;2807008;
529093;10224440;837;2025;O;CFGS (Mod. E-Learning) (LOFP) - Desarrollo de Aplicaciones Multiplataforma;DAM_V;N;19/09/2025;2003892;;;;2807006;
156852;10224457;837;2025;O;CFGS (Mod. E-Learning) (LOFP) - Desarrollo de Aplicaciones Multiplataforma;DAM_V;N;19/09/2025;2003892;;;;2807012;
280156;10224445;837;2025;O;CFGS (Mod. E-Learning) (LOFP) - Desarrollo de Aplicaciones Multiplataforma;DAM_V;S;19/09/2025;2003892;2003892;;;2806471;
1732114;10224395;837;2025;O;CFGS (Mod. E-Learning) (LOFP) - Desarrollo de Aplicaciones Multiplataforma;DAM_V;N;19/09/2025;2003892;;;;2806970;
392124;10224462;837;2025;O;CFGS (Mod. E-Learning) (LOFP) - Desarrollo de Aplicaciones Multiplataforma;DAM_V;N;19/09/2025;2003892;;;;2807014;
132538;10224469;837;2025;O;CFGS (Mod. E-Learning) (LOFP) - Desarrollo de Aplicaciones Multiplataforma;DAM_V;N;19/09/2025;2003892;;;;2807020;
454025;10224495;837;2025;O;CFGS (Mod. E-Learning) (LOFP) - Desarrollo de Aplicaciones Multiplataforma;DAM_V;S;19/09/2025;2003892;2003892;;;2806534;
131366;10224505;837;2025;O;CFGS (Mod. E-Learning) (LOFP) - Desarrollo de Aplicaciones Multiplataforma;DAM_V;N;19/09/2025;2003892;;;;2807044;
158362;10224506;837;2025;O;CFGS (Mod. E-Learning) (LOFP) - Desarrollo de Aplicaciones Multiplataforma;DAM_V;N;19/09/2025;2003892;;Anulada;04/11/2025;2807045;
481088;10224359;837;2025;O;CFGS (Mod. E-Learning) (LOFP) - Desarrollo de Aplicaciones Multiplataforma;DAM_V;S;19/09/2025;2003892;16010042;;;388;
201995;10224349;837;2025;O;CFGS (Mod. E-Learning) (LOFP) - Desarrollo de Aplicaciones Multiplataforma;DAM_V;N;19/09/2025;2003892;;;;2188584;
1723046;10224371;837;2025;O;CFGS (Mod. E-Learning) (LOFP) - Desarrollo de Aplicaciones Multiplataforma;DAM_V;N;19/09/2025;2003892;;;;2806842;
1725697;10224429;837;2025;O;CFGS (Mod. E-Learning) (LOFP) - Desarrollo de Aplicaciones Multiplataforma;DAM_V;N;19/09/2025;2003892;;;;2806999;
347792;10224498;837;2025;O;CFGS (Mod. E-Learning) (LOFP) - Desarrollo de Aplicaciones Multiplataforma;DAM_V;S;19/09/2025;2003892;2003892;;;372;
415819;10224390;837;2025;O;CFGS (Mod. E-Learning) (LOFP) - Desarrollo de Aplicaciones Multiplataforma;DAM_V;S;19/09/2025;2003892;2003892;;;2806541;
387008;10224391;837;2025;O;CFGS (Mod. E-Learning) (LOFP) - Desarrollo de Aplicaciones Multiplataforma;DAM_V;S;19/09/2025;2003892;2003892;;;2806216;
148301;10224354;837;2025;O;CFGS (Mod. E-Learning) (LOFP) - Desarrollo de Aplicaciones Multiplataforma;DAM_V;S;19/09/2025;2003892;2003892;;;8;
1123667;10224353;837;2025;O;CFGS (Mod. E-Learning) (LOFP) - Desarrollo de Aplicaciones Multiplataforma;DAM_V;S;19/09/2025;2003892;2003892;;;2805172;
293925;10224346;837;2025;O;CFGS (Mod. E-Learning) (LOFP) - Desarrollo de Aplicaciones Multiplataforma;DAM_V;S;19/09/2025;2003892;2003892;;;8911;
1659402;10224377;837;2025;O;CFGS (Mod. E-Learning) (LOFP) - Desarrollo de Aplicaciones Multiplataforma;DAM_V;S;19/09/2025;2003892;2003892;;;2806205;
718586;10224406;837;2025;O;CFGS (Mod. E-Learning) (LOFP) - Desarrollo de Aplicaciones Multiplataforma;DAM_V;N;19/09/2025;2003892;;Anulada;25/09/2025;2189200;
500103;10224408;837;2025;O;CFGS (Mod. E-Learning) (LOFP) - Desarrollo de Aplicaciones Multiplataforma;DAM_V;S;19/09/2025;2003892;13000220;;;2806977;
190888;10224366;837;2025;O;CFGS (Mod. E-Learning) (LOFP) - Desarrollo de Aplicaciones Multiplataforma;DAM_V;N;19/09/2025;2003892;;;;2806953;
593391;10224372;837;2025;O;CFGS (Mod. E-Learning) (LOFP) - Desarrollo de Aplicaciones Multiplataforma;DAM_V;N;19/09/2025;2003892;;;;2806957;
517297;10224373;837;2025;O;CFGS (Mod. E-Learning) (LOFP) - Desarrollo de Aplicaciones Multiplataforma;DAM_V;N;19/09/2025;2003892;;Anulada;25/09/2025;2806958;
623926;10224376;837;2025;O;CFGS (Mod. E-Learning) (LOFP) - Desarrollo de Aplicaciones Multiplataforma;DAM_V;N;19/09/2025;2003892;;Anulada;19/03/2026;2806960;
226471;10224380;837;2025;O;CFGS (Mod. E-Learning) (LOFP) - Desarrollo de Aplicaciones Multiplataforma;DAM_V;N;19/09/2025;2003892;;;;2806961;
342264;10224384;837;2025;O;CFGS (Mod. E-Learning) (LOFP) - Desarrollo de Aplicaciones Multiplataforma;DAM_V;S;19/09/2025;2003892;2003892;;;396;
184097;10224385;837;2025;O;CFGS (Mod. E-Learning) (LOFP) - Desarrollo de Aplicaciones Multiplataforma;DAM_V;N;19/09/2025;2003892;;;;2806964;
32522;10224413;837;2025;O;CFGS (Mod. E-Learning) (LOFP) - Desarrollo de Aplicaciones Multiplataforma;DAM_V;S;19/09/2025;2003892;2003892;;;2806224;
232676;10224414;837;2025;O;CFGS (Mod. E-Learning) (LOFP) - Desarrollo de Aplicaciones Multiplataforma;DAM_V;N;19/09/2025;2003892;;;;2806981;
1475270;10224417;837;2025;O;CFGS (Mod. E-Learning) (LOFP) - Desarrollo de Aplicaciones Multiplataforma;DAM_V;N;19/09/2025;2003892;;;;2806982;
1659114;10224419;837;2025;O;CFGS (Mod. E-Learning) (LOFP) - Desarrollo de Aplicaciones Multiplataforma;DAM_V;S;19/09/2025;2003892;2003892;;;2806529;
311718;10224428;837;2025;O;CFGS (Mod. E-Learning) (LOFP) - Desarrollo de Aplicaciones Multiplataforma;DAM_V;S;19/09/2025;2003892;2003892;;;2188974;
136001;10224432;837;2025;O;CFGS (Mod. E-Learning) (LOFP) - Desarrollo de Aplicaciones Multiplataforma;DAM_V;S;19/09/2025;2003892;16010042;;;2806313;
1519359;10224827;837;2025;O;CFGS (Mod. E-Learning) (LOFP) - Desarrollo de Aplicaciones Multiplataforma;DAM_V;S;19/09/2025;2003892;2003892;;;2806505;
1170567;10224347;837;2025;O;CFGS (Mod. E-Learning) (LOFP) - Desarrollo de Aplicaciones Multiplataforma;DAM_V;S;19/09/2025;2003892;2003892;;;2805562;
435295;10224378;837;2025;O;CFGS (Mod. E-Learning) (LOFP) - Desarrollo de Aplicaciones Multiplataforma;DAM_V;S;19/09/2025;2003892;2003892;;;7613;
1168624;10224418;837;2025;O;CFGS (Mod. E-Learning) (LOFP) - Desarrollo de Aplicaciones Multiplataforma;DAM_V;N;19/09/2025;2003892;;;;2806533;
135302;10224430;837;2025;O;CFGS (Mod. E-Learning) (LOFP) - Desarrollo de Aplicaciones Multiplataforma;DAM_V;S;19/09/2025;2003892;2003892;;;8320;
54034;10224431;837;2025;O;CFGS (Mod. E-Learning) (LOFP) - Desarrollo de Aplicaciones Multiplataforma;DAM_V;S;19/09/2025;2003892;2003892;;;2806247;
1655435;10224484;837;2025;O;CFGS (Mod. E-Learning) (LOFP) - Desarrollo de Aplicaciones Multiplataforma;DAM_V;N;19/09/2025;2003892;;;;2807029;
608665;10224477;837;2025;O;CFGS (Mod. E-Learning) (LOFP) - Desarrollo de Aplicaciones Multiplataforma;DAM_V;N;19/09/2025;2003892;;;;2807025;
141965;10224510;837;2025;O;CFGS (Mod. E-Learning) (LOFP) - Desarrollo de Aplicaciones Multiplataforma;DAM_V;N;19/09/2025;2003892;;;;2807048;
135888;10236745;837;2025;O;CFGS (Mod. E-Learning) (LOFP) - Desarrollo de Aplicaciones Multiplataforma;DAM_V;S;23/09/2025;2003892;2003892;;;2806342;
311255;10224828;837;2025;O;CFGS (Mod. E-Learning) (LOFP) - Desarrollo de Aplicaciones Multiplataforma;DAM_V;N;19/09/2025;2003892;;;;2806984;
289209;10224830;837;2025;O;CFGS (Mod. E-Learning) (LOFP) - Desarrollo de Aplicaciones Multiplataforma;DAM_V;N;19/09/2025;2003892;;;;2806986;
1329865;10224833;837;2025;O;CFGS (Mod. E-Learning) (LOFP) - Desarrollo de Aplicaciones Multiplataforma;DAM_V;N;19/09/2025;2003892;;;;2806988;
148323;10224848;837;2025;O;CFGS (Mod. E-Learning) (LOFP) - Desarrollo de Aplicaciones Multiplataforma;DAM_V;N;19/09/2025;2003892;;Anulada;20/02/2026;7490;
132123;10224488;837;2025;O;CFGS (Mod. E-Learning) (LOFP) - Desarrollo de Aplicaciones Multiplataforma;DAM_V;S;19/09/2025;2003892;2003892;;;2805685;
311041;10224511;837;2025;O;CFGS (Mod. E-Learning) (LOFP) - Desarrollo de Aplicaciones Multiplataforma;DAM_V;S;19/09/2025;2003892;2003892;;;245;
229868;10224835;837;2025;O;CFGS (Mod. E-Learning) (LOFP) - Desarrollo de Aplicaciones Multiplataforma;DAM_V;N;19/09/2025;2003892;;;;2188864;
889477;10224855;837;2025;O;CFGS (Mod. E-Learning) (LOFP) - Desarrollo de Aplicaciones Multiplataforma;DAM_V;S;19/09/2025;2003892;2003892;;;2805691;
148151;10224841;837;2025;O;CFGS (Mod. E-Learning) (LOFP) - Desarrollo de Aplicaciones Multiplataforma;DAM_V;S;19/09/2025;2003892;2003892;;;2805511;
436313;10224852;837;2025;O;CFGS (Mod. E-Learning) (LOFP) - Desarrollo de Aplicaciones Multiplataforma;DAM_V;S;19/09/2025;2003892;2003892;;;6246;
1589721;10224865;837;2025;O;CFGS (Mod. E-Learning) (LOFP) - Desarrollo de Aplicaciones Multiplataforma;DAM_V;S;19/09/2025;2003892;2003892;;;2805806;
1732713;10237466;837;2025;O;CFGS (Mod. E-Learning) (LOFP) - Desarrollo de Aplicaciones Multiplataforma;DAM_V;N;23/09/2025;2003892;;;;2807137;
1732521;10295900;837;2025;O;CFGS (Mod. E-Learning) (LOFP) - Desarrollo de Aplicaciones Multiplataforma;DAM_V;N;14/10/2025;2003892;;;;2807201;
149398;10237428;837;2025;O;CFGS (Mod. E-Learning) (LOFP) - Desarrollo de Aplicaciones Multiplataforma;DAM_V;S;23/09/2025;2003892;2003892;;;2806175;
271783;10237431;837;2025;O;CFGS (Mod. E-Learning) (LOFP) - Desarrollo de Aplicaciones Multiplataforma;DAM_V;N;23/09/2025;2003892;;;;2807119;
766220;10237434;837;2025;O;CFGS (Mod. E-Learning) (LOFP) - Desarrollo de Aplicaciones Multiplataforma;DAM_V;S;23/09/2025;2003892;2003892;;;2806208;
351215;10237435;837;2025;O;CFGS (Mod. E-Learning) (LOFP) - Desarrollo de Aplicaciones Multiplataforma;DAM_V;N;23/09/2025;2003892;;;;456;
72401;10237436;837;2025;O;CFGS (Mod. E-Learning) (LOFP) - Desarrollo de Aplicaciones Multiplataforma;DAM_V;S;23/09/2025;2003892;2003892;;;2806304;
155912;10237440;837;2025;O;CFGS (Mod. E-Learning) (LOFP) - Desarrollo de Aplicaciones Multiplataforma;DAM_V;N;23/09/2025;2003892;;;;2807122;
541555;10237444;837;2025;O;CFGS (Mod. E-Learning) (LOFP) - Desarrollo de Aplicaciones Multiplataforma;DAM_V;S;23/09/2025;2003892;2003892;;;2806238;
954379;10237445;837;2025;O;CFGS (Mod. E-Learning) (LOFP) - Desarrollo de Aplicaciones Multiplataforma;DAM_V;N;23/09/2025;2003892;;;;2807124;
480455;10237456;837;2025;O;CFGS (Mod. E-Learning) (LOFP) - Desarrollo de Aplicaciones Multiplataforma;DAM_V;S;23/09/2025;2003892;2003892;;;408;
384524;10237465;837;2025;O;CFGS (Mod. E-Learning) (LOFP) - Desarrollo de Aplicaciones Multiplataforma;DAM_V;N;23/09/2025;2003892;;;;2807136;
1731029;10231004;837;2025;O;CFGS (Mod. E-Learning) (LOFP) - Desarrollo de Aplicaciones Multiplataforma;DAM_V;N;22/09/2025;2003892;;Anulada;03/02/2026;2807110;
1660116;10265830;837;2025;O;CFGS (Mod. E-Learning) (LOFP) - Desarrollo de Aplicaciones Multiplataforma;DAM_V;S;02/10/2025;2003892;2003892;;;2806489;
766187;10242383;837;2025;O;CFGS (Mod. E-Learning) (LOFP) - Desarrollo de Aplicaciones Multiplataforma;DAM_V;N;24/09/2025;2003892;;;;2807154;
1667419;10230921;837;2025;O;CFGS (Mod. E-Learning) (LOFP) - Desarrollo de Aplicaciones Multiplataforma;DAM_V;S;22/09/2025;2003892;2003892;;;2806256;
276631;10237448;837;2025;O;CFGS (Mod. E-Learning) (LOFP) - Desarrollo de Aplicaciones Multiplataforma;DAM_V;S;23/09/2025;2003892;13000220;;;2805075;
201946;10231010;837;2025;O;CFGS (Mod. E-Learning) (LOFP) - Desarrollo de Aplicaciones Multiplataforma;DAM_V;S;22/09/2025;2003892;2003892;;;6424;
335400;10244825;837;2025;O;CFGS (Mod. E-Learning) (LOFP) - Desarrollo de Aplicaciones Multiplataforma;DAM_V;N;25/09/2025;2003892;;;;5986;
155040;10240460;837;2025;O;CFGS (Mod. E-Learning) (LOFP) - Desarrollo de Aplicaciones Multiplataforma;DAM_V;N;24/09/2025;2003892;;;;2807142;
309748;10240472;837;2025;O;CFGS (Mod. E-Learning) (LOFP) - Desarrollo de Aplicaciones Multiplataforma;DAM_V;S;24/09/2025;2003892;2003892;;;432;
166073;10240476;837;2025;O;CFGS (Mod. E-Learning) (LOFP) - Desarrollo de Aplicaciones Multiplataforma;DAM_V;N;24/09/2025;2003892;;;;2805216;
540280;10230898;837;2025;O;CFGS (Mod. E-Learning) (LOFP) - Desarrollo de Aplicaciones Multiplataforma;DAM_V;S;22/09/2025;2003892;2003892;;;8745;
339219;10230900;837;2025;O;CFGS (Mod. E-Learning) (LOFP) - Desarrollo de Aplicaciones Multiplataforma;DAM_V;N;22/09/2025;2003892;;;;2807063;
1178648;10230905;837;2025;O;CFGS (Mod. E-Learning) (LOFP) - Desarrollo de Aplicaciones Multiplataforma;DAM_V;N;22/09/2025;2003892;;Anulada;11/12/2025;2807065;
143150;10230907;837;2025;O;CFGS (Mod. E-Learning) (LOFP) - Desarrollo de Aplicaciones Multiplataforma;DAM_V;N;22/09/2025;2003892;;;;2807067;
963297;10230912;837;2025;O;CFGS (Mod. E-Learning) (LOFP) - Desarrollo de Aplicaciones Multiplataforma;DAM_V;N;22/09/2025;2003892;;;;2807071;
1737009;10230922;837;2025;O;CFGS (Mod. E-Learning) (LOFP) - Desarrollo de Aplicaciones Multiplataforma;DAM_V;N;22/09/2025;2003892;;;;2807076;
143724;10230927;837;2025;O;CFGS (Mod. E-Learning) (LOFP) - Desarrollo de Aplicaciones Multiplataforma;DAM_V;S;22/09/2025;2003892;2003892;;;2806225;
1731933;10230936;837;2025;O;CFGS (Mod. E-Learning) (LOFP) - Desarrollo de Aplicaciones Multiplataforma;DAM_V;N;22/09/2025;2003892;;;;2807082;
581123;10230959;837;2025;O;CFGS (Mod. E-Learning) (LOFP) - Desarrollo de Aplicaciones Multiplataforma;DAM_V;N;22/09/2025;2003892;;;;8200;
1732069;10230989;837;2025;O;CFGS (Mod. E-Learning) (LOFP) - Desarrollo de Aplicaciones Multiplataforma;DAM_V;N;22/09/2025;2003892;;;;2807103;
1685969;10240467;837;2025;O;CFGS (Mod. E-Learning) (LOFP) - Desarrollo de Aplicaciones Multiplataforma;DAM_V;N;24/09/2025;2003892;;;;2806544;
1390076;10242626;837;2025;O;CFGS (Mod. E-Learning) (LOFP) - Desarrollo de Aplicaciones Multiplataforma;DAM_V;N;24/09/2025;2003892;;Anulada;15/10/2025;2807156;
202183;10304990;837;2025;O;CFGS (Mod. E-Learning) (LOFP) - Desarrollo de Aplicaciones Multiplataforma;DAM_V;S;17/10/2025;2003892;2003892;;;5888;
642981;10230904;837;2025;O;CFGS (Mod. E-Learning) (LOFP) - Desarrollo de Aplicaciones Multiplataforma;DAM_V;S;22/09/2025;2003892;2003892;;;2805555;
405530;10230940;837;2025;O;CFGS (Mod. E-Learning) (LOFP) - Desarrollo de Aplicaciones Multiplataforma;DAM_V;S;22/09/2025;2003892;2003892;;;8533;
727502;10372814;837;2025;O;CFGS (Mod. E-Learning) (LOFP) - Desarrollo de Aplicaciones Multiplataforma;DAM_V;N;28/12/2025;2003892;;;;2805413;
139019;10326171;837;2025;O;CFGS (Mod. E-Learning) (LOFP) - Desarrollo de Aplicaciones Multiplataforma;DAM_V;N;06/11/2025;2003892;;;;2188961;
390943;10249084;837;2025;O;CFGS (Mod. E-Learning) (LOFP) - Desarrollo de Aplicaciones Multiplataforma;DAM_V;N;26/09/2025;2003892;;;;2188420;
1026460;10230934;837;2025;O;CFGS (Mod. E-Learning) (LOFP) - Desarrollo de Aplicaciones Multiplataforma;DAM_V;N;22/09/2025;2003892;;;;2807080;
152261;10230935;837;2025;O;CFGS (Mod. E-Learning) (LOFP) - Desarrollo de Aplicaciones Multiplataforma;DAM_V;N;22/09/2025;2003892;;;;2807081;
160886;10231001;837;2025;O;CFGS (Mod. E-Learning) (LOFP) - Desarrollo de Aplicaciones Multiplataforma;DAM_V;N;22/09/2025;2003892;;;;2807108;
231047;10230961;837;2025;O;CFGS (Mod. E-Learning) (LOFP) - Desarrollo de Aplicaciones Multiplataforma;DAM_V;N;22/09/2025;2003892;;;;2807098;
321684;10230962;837;2025;O;CFGS (Mod. E-Learning) (LOFP) - Desarrollo de Aplicaciones Multiplataforma;DAM_V;S;22/09/2025;2003892;2003892;;;5980;
232386;10288830;837;2025;O;CFGS (Mod. E-Learning) (LOFP) - Desarrollo de Aplicaciones Multiplataforma;DAM_V;S;10/10/2025;2003892;2003892;;;2805135;
313433;10230964;837;2025;O;CFGS (Mod. E-Learning) (LOFP) - Desarrollo de Aplicaciones Multiplataforma;DAM_V;N;22/09/2025;2003892;;;;2807100;
323652;10230987;837;2025;O;CFGS (Mod. E-Learning) (LOFP) - Desarrollo de Aplicaciones Multiplataforma;DAM_V;S;22/09/2025;2003892;2003892;;;2805777;
953415;10230933;837;2025;O;CFGS (Mod. E-Learning) (LOFP) - Desarrollo de Aplicaciones Multiplataforma;DAM_V;S;22/09/2025;2003892;2003892;;;8591;
1389724;10224383;837;2025;O;CFGS (Mod. E-Learning) (LOFP) - Desarrollo de Aplicaciones Multiplataforma;XDAM_V;N;19/09/2025;2003892;;Anulada;06/10/2025;2806963;
1460716;10224846;837;2025;O;CFGS (Mod. E-Learning) (LOFP) - Desarrollo de Aplicaciones Multiplataforma;XDAM_V;N;19/09/2025;2003892;;Anulada;29/09/2025;2806993;
142981;10224867;837;2025;O;CFGS (Mod. E-Learning) (LOFP) - Desarrollo de Aplicaciones Multiplataforma;XDAM_V;N;19/09/2025;2003892;;Anulada;05/11/2025;2807040;
202022;10230913;837;2025;O;CFGS (Mod. E-Learning) (LOFP) - Desarrollo de Aplicaciones Multiplataforma;XDAM_V;N;22/09/2025;2003892;;Anulada;12/11/2025;6609;
262848;10230917;837;2025;O;CFGS (Mod. E-Learning) (LOFP) - Desarrollo de Aplicaciones Multiplataforma;XDAM_V;N;22/09/2025;2003892;;Anulada;28/11/2025;2806213;
605175;10221859;1622;2025;O;Curso de Esp. Desarrollo de aplicaciones en lenguaje Python (LOFP);CUR PYTHON;N;18/09/2025;2003892;;;;2189304;
33898;10221885;1622;2025;O;Curso de Esp. Desarrollo de aplicaciones en lenguaje Python (LOFP);CUR PYTHON;N;18/09/2025;2003892;;;;2806940;
618129;10221601;1622;2025;O;Curso de Esp. Desarrollo de aplicaciones en lenguaje Python (LOFP);CUR PYTHON;N;18/09/2025;2003892;;;;2805363;
375684;10224514;1622;2025;O;Curso de Esp. Desarrollo de aplicaciones en lenguaje Python (LOFP);CUR PYTHON;N;19/09/2025;2003892;;;;2805355;
518642;10224518;1622;2025;O;Curso de Esp. Desarrollo de aplicaciones en lenguaje Python (LOFP);CUR PYTHON;N;19/09/2025;2003892;;;;2188888;
472421;10224519;1622;2025;O;Curso de Esp. Desarrollo de aplicaciones en lenguaje Python (LOFP);CUR PYTHON;N;19/09/2025;2003892;;;;2807052;
280273;10224520;1622;2025;O;Curso de Esp. Desarrollo de aplicaciones en lenguaje Python (LOFP);CUR PYTHON;N;19/09/2025;2003892;;Anulada;24/09/2025;8357;
69866;10224870;1622;2025;O;Curso de Esp. Desarrollo de aplicaciones en lenguaje Python (LOFP);CUR PYTHON;N;19/09/2025;2003892;;Anulada;29/09/2025;2807050;
152492;10224875;1622;2025;O;Curso de Esp. Desarrollo de aplicaciones en lenguaje Python (LOFP);CUR PYTHON;N;19/09/2025;2003892;;;;636;
62697;10224876;1622;2025;O;Curso de Esp. Desarrollo de aplicaciones en lenguaje Python (LOFP);CUR PYTHON;N;19/09/2025;2003892;;;;2805480;
637950;10240905;1622;2025;O;Curso de Esp. Desarrollo de aplicaciones en lenguaje Python (LOFP);CUR PYTHON;N;24/09/2025;2003892;;;;2806298;
391646;10231913;1622;2025;O;Curso de Esp. Desarrollo de aplicaciones en lenguaje Python (LOFP);CUR PYTHON;N;22/09/2025;2003892;;Anulada;01/10/2025;2807112;
195184;10231914;1622;2025;O;Curso de Esp. Desarrollo de aplicaciones en lenguaje Python (LOFP);CUR PYTHON;N;22/09/2025;2003892;;Anulada;24/09/2025;7681;
157073;10241963;1622;2025;O;Curso de Esp. Desarrollo de aplicaciones en lenguaje Python (LOFP);CUR PYTHON;N;24/09/2025;2003892;;;;8388;
585851;10245227;1622;2025;O;Curso de Esp. Desarrollo de aplicaciones en lenguaje Python (LOFP);CUR PYTHON;N;25/09/2025;2003892;;;;7423;
38759;10246897;1622;2025;O;Curso de Esp. Desarrollo de aplicaciones en lenguaje Python (LOFP);CUR PYTHON;N;25/09/2025;2003892;;;;2805456;
228973;10261815;1622;2025;O;Curso de Esp. Desarrollo de aplicaciones en lenguaje Python (LOFP);CUR PYTHON;N;30/09/2025;2003892;;;;8700;
526727;10257995;1622;2025;O;Curso de Esp. Desarrollo de aplicaciones en lenguaje Python (LOFP);CUR PYTHON;N;29/09/2025;2003892;;;;2807171;
511270;10308329;1622;2025;O;Curso de Esp. Desarrollo de aplicaciones en lenguaje Python (LOFP);CUR PYTHON;N;20/10/2025;2003892;;;;2805505;
1157148;10224523;1622;2025;O;Curso de Esp. Desarrollo de aplicaciones en lenguaje Python (LOFP);XCUR PYTHO;N;19/09/2025;2003892;;;;8067;
608876;10231916;1622;2025;O;Curso de Esp. Desarrollo de aplicaciones en lenguaje Python (LOFP);XCUR PYTHO;N;22/09/2025;2003892;;Anulada;18/11/2025;2188480;
728452;10224456;809;2025;O;CFGM (Mod. E-Learning) (LOFP) - Sistemas Microinformáticos y Redes;SMR_V;N;19/09/2025;2003892;;;;2806891;
882379;10224441;809;2025;O;CFGM (Mod. E-Learning) (LOFP) - Sistemas Microinformáticos y Redes;SMR_V;N;19/09/2025;2003892;;;;2807007;
262017;10224442;809;2025;O;CFGM (Mod. E-Learning) (LOFP) - Sistemas Microinformáticos y Redes;SMR_V;N;19/09/2025;2003892;;;;163;
723707;10224447;809;2025;O;CFGM (Mod. E-Learning) (LOFP) - Sistemas Microinformáticos y Redes;SMR_V;S;19/09/2025;2003892;2003892;;;2806258;
662229;10224451;809;2025;O;CFGM (Mod. E-Learning) (LOFP) - Sistemas Microinformáticos y Redes;SMR_V;N;19/09/2025;2003892;;;;2807011;
38752;10224443;809;2025;O;CFGM (Mod. E-Learning) (LOFP) - Sistemas Microinformáticos y Redes;SMR_V;S;19/09/2025;2003892;2003892;;;2806314;
521685;10224449;809;2025;O;CFGM (Mod. E-Learning) (LOFP) - Sistemas Microinformáticos y Redes;SMR_V;S;19/09/2025;2003892;2003892;;;2188825;
382174;10224454;809;2025;O;CFGM (Mod. E-Learning) (LOFP) - Sistemas Microinformáticos y Redes;SMR_V;S;19/09/2025;2003892;2003892;;;2805652;
1727838;10224358;809;2025;O;CFGM (Mod. E-Learning) (LOFP) - Sistemas Microinformáticos y Redes;SMR_V;N;19/09/2025;2003892;;;;2806950;
668101;10224461;809;2025;O;CFGM (Mod. E-Learning) (LOFP) - Sistemas Microinformáticos y Redes;SMR_V;N;19/09/2025;2003892;;;;2807013;
405365;10224494;809;2025;O;CFGM (Mod. E-Learning) (LOFP) - Sistemas Microinformáticos y Redes;SMR_V;N;19/09/2025;2003892;;;;2807041;
39364;10224499;809;2025;O;CFGM (Mod. E-Learning) (LOFP) - Sistemas Microinformáticos y Redes;SMR_V;N;19/09/2025;2003892;;;;2807043;
798837;10224388;809;2025;O;CFGM (Mod. E-Learning) (LOFP) - Sistemas Microinformáticos y Redes;SMR_V;N;19/09/2025;2003892;;;;2806966;
1724285;10224399;809;2025;O;CFGM (Mod. E-Learning) (LOFP) - Sistemas Microinformáticos y Redes;SMR_V;N;19/09/2025;2003892;;;;2806972;
221804;10224400;809;2025;O;CFGM (Mod. E-Learning) (LOFP) - Sistemas Microinformáticos y Redes;SMR_V;N;19/09/2025;2003892;;;;2806973;
135642;10224403;809;2025;O;CFGM (Mod. E-Learning) (LOFP) - Sistemas Microinformáticos y Redes;SMR_V;N;19/09/2025;2003892;;;;2806975;
303212;10224405;809;2025;O;CFGM (Mod. E-Learning) (LOFP) - Sistemas Microinformáticos y Redes;SMR_V;S;19/09/2025;2003892;2003892;;;2188044;
305563;10224411;809;2025;O;CFGM (Mod. E-Learning) (LOFP) - Sistemas Microinformáticos y Redes;SMR_V;N;19/09/2025;2003892;;;;2806979;
411465;10224412;809;2025;O;CFGM (Mod. E-Learning) (LOFP) - Sistemas Microinformáticos y Redes;SMR_V;N;19/09/2025;2003892;;;;2806980;
74012;10224348;809;2025;O;CFGM (Mod. E-Learning) (LOFP) - Sistemas Microinformáticos y Redes;SMR_V;N;19/09/2025;2003892;;;;2806945;
1592158;10224386;809;2025;O;CFGM (Mod. E-Learning) (LOFP) - Sistemas Microinformáticos y Redes;SMR_V;N;19/09/2025;2003892;;;;2806965;
663279;10224415;809;2025;O;CFGM (Mod. E-Learning) (LOFP) - Sistemas Microinformáticos y Redes;SMR_V;N;19/09/2025;2003892;;;;1294;
436508;10224421;809;2025;O;CFGM (Mod. E-Learning) (LOFP) - Sistemas Microinformáticos y Redes;SMR_V;S;19/09/2025;2003892;2003892;;;6327;
143013;10224396;809;2025;O;CFGM (Mod. E-Learning) (LOFP) - Sistemas Microinformáticos y Redes;SMR_V;S;19/09/2025;2003892;2003892;;;2806324;
167007;10224381;809;2025;O;CFGM (Mod. E-Learning) (LOFP) - Sistemas Microinformáticos y Redes;SMR_V;S;19/09/2025;2003892;2003892;;;9023;
1727877;10224478;809;2025;O;CFGM (Mod. E-Learning) (LOFP) - Sistemas Microinformáticos y Redes;SMR_V;N;19/09/2025;2003892;;;;2807026;
1048292;10224483;809;2025;O;CFGM (Mod. E-Learning) (LOFP) - Sistemas Microinformáticos y Redes;SMR_V;N;19/09/2025;2003892;;;;2807028;
740917;10224473;809;2025;O;CFGM (Mod. E-Learning) (LOFP) - Sistemas Microinformáticos y Redes;SMR_V;N;19/09/2025;2003892;;;;2807023;
335310;10224491;809;2025;O;CFGM (Mod. E-Learning) (LOFP) - Sistemas Microinformáticos y Redes;SMR_V;N;19/09/2025;2003892;;;;4848;
75902;10224493;809;2025;O;CFGM (Mod. E-Learning) (LOFP) - Sistemas Microinformáticos y Redes;SMR_V;S;19/09/2025;2003892;2003892;;;2806267;
797507;10224853;809;2025;O;CFGM (Mod. E-Learning) (LOFP) - Sistemas Microinformáticos y Redes;SMR_V;N;19/09/2025;2003892;;;;2189251;
14187;10224482;809;2025;O;CFGM (Mod. E-Learning) (LOFP) - Sistemas Microinformáticos y Redes;SMR_V;S;19/09/2025;2003892;2003892;;;2806275;
688180;10224836;809;2025;O;CFGM (Mod. E-Learning) (LOFP) - Sistemas Microinformáticos y Redes;SMR_V;N;19/09/2025;2003892;;;;2806989;
230444;10224854;809;2025;O;CFGM (Mod. E-Learning) (LOFP) - Sistemas Microinformáticos y Redes;SMR_V;N;19/09/2025;2003892;;;;2807034;
338824;10224857;809;2025;O;CFGM (Mod. E-Learning) (LOFP) - Sistemas Microinformáticos y Redes;SMR_V;S;19/09/2025;2003892;2003892;;;2188767;
532984;10224863;809;2025;O;CFGM (Mod. E-Learning) (LOFP) - Sistemas Microinformáticos y Redes;SMR_V;N;19/09/2025;2003892;;;;2807038;
616655;10238389;809;2025;O;CFGM (Mod. E-Learning) (LOFP) - Sistemas Microinformáticos y Redes;SMR_V;N;23/09/2025;2003892;;Anulada;09/02/2026;2807140;
801517;10297923;809;2025;O;CFGM (Mod. E-Learning) (LOFP) - Sistemas Microinformáticos y Redes;SMR_V;N;14/10/2025;2003892;;;;2807199;
63998;10224840;809;2025;O;CFGM (Mod. E-Learning) (LOFP) - Sistemas Microinformáticos y Redes;SMR_V;S;19/09/2025;2003892;2003892;;;2188127;
456649;10224850;809;2025;O;CFGM (Mod. E-Learning) (LOFP) - Sistemas Microinformáticos y Redes;SMR_V;S;19/09/2025;2003892;2003892;;;8913;
154903;10224856;809;2025;O;CFGM (Mod. E-Learning) (LOFP) - Sistemas Microinformáticos y Redes;SMR_V;S;19/09/2025;2003892;2003892;;;2805307;
664480;10224862;809;2025;O;CFGM (Mod. E-Learning) (LOFP) - Sistemas Microinformáticos y Redes;SMR_V;S;19/09/2025;2003892;2003892;;;2806507;
718130;10237453;809;2025;O;CFGM (Mod. E-Learning) (LOFP) - Sistemas Microinformáticos y Redes;SMR_V;N;23/09/2025;2003892;;;;2807129;
405424;10237463;809;2025;O;CFGM (Mod. E-Learning) (LOFP) - Sistemas Microinformáticos y Redes;SMR_V;S;23/09/2025;2003892;2003892;;;2806273;
1543189;10267316;809;2025;O;CFGM (Mod. E-Learning) (LOFP) - Sistemas Microinformáticos y Redes;SMR_V;N;02/10/2025;2003892;;;;2807182;
1430950;10297873;809;2025;O;CFGM (Mod. E-Learning) (LOFP) - Sistemas Microinformáticos y Redes;SMR_V;N;14/10/2025;2003892;;;;2807198;
1083369;10237449;809;2025;O;CFGM (Mod. E-Learning) (LOFP) - Sistemas Microinformáticos y Redes;SMR_V;S;23/09/2025;2003892;2003892;;;2805637;
131937;10237429;809;2025;O;CFGM (Mod. E-Learning) (LOFP) - Sistemas Microinformáticos y Redes;SMR_V;N;23/09/2025;2003892;;Anulada;12/12/2025;2807117;
44223;10237462;809;2025;O;CFGM (Mod. E-Learning) (LOFP) - Sistemas Microinformáticos y Redes;SMR_V;N;23/09/2025;2003892;;Anulada;06/02/2026;2807135;
474071;10300534;809;2025;O;CFGM (Mod. E-Learning) (LOFP) - Sistemas Microinformáticos y Redes;SMR_V;S;16/10/2025;2003892;2003892;;;2806254;
1178150;10231012;809;2025;O;CFGM (Mod. E-Learning) (LOFP) - Sistemas Microinformáticos y Redes;SMR_V;N;22/09/2025;2003892;;Anulada;29/01/2026;2806263;
1288604;10231003;809;2025;O;CFGM (Mod. E-Learning) (LOFP) - Sistemas Microinformáticos y Redes;SMR_V;S;22/09/2025;2003892;2003892;;;2188135;
1456253;10259008;809;2025;O;CFGM (Mod. E-Learning) (LOFP) - Sistemas Microinformáticos y Redes;SMR_V;N;29/09/2025;2003892;;;;2807173;
1690081;10331477;809;2025;O;CFGM (Mod. E-Learning) (LOFP) - Sistemas Microinformáticos y Redes;SMR_V;S;11/11/2025;2003892;2003892;;;2806548;
718459;10282831;809;2025;O;CFGM (Mod. E-Learning) (LOFP) - Sistemas Microinformáticos y Redes;SMR_V;N;09/10/2025;2003892;;;;2806622;
51660;10240463;809;2025;O;CFGM (Mod. E-Learning) (LOFP) - Sistemas Microinformáticos y Redes;SMR_V;S;24/09/2025;2003892;2003892;;;2806204;
74368;10240466;809;2025;O;CFGM (Mod. E-Learning) (LOFP) - Sistemas Microinformáticos y Redes;SMR_V;N;24/09/2025;2003892;;;;2807146;
1085934;10240471;809;2025;O;CFGM (Mod. E-Learning) (LOFP) - Sistemas Microinformáticos y Redes;SMR_V;N;24/09/2025;2003892;;;;2807150;
252339;10242637;809;2025;O;CFGM (Mod. E-Learning) (LOFP) - Sistemas Microinformáticos y Redes;SMR_V;N;24/09/2025;2003892;;;;2807160;
727759;10230919;809;2025;O;CFGM (Mod. E-Learning) (LOFP) - Sistemas Microinformáticos y Redes;SMR_V;N;22/09/2025;2003892;;;;2189312;
1736265;10295901;809;2025;O;CFGM (Mod. E-Learning) (LOFP) - Sistemas Microinformáticos y Redes;SMR_V;N;14/10/2025;2003892;;;;2807202;
1612665;10230929;809;2025;O;CFGM (Mod. E-Learning) (LOFP) - Sistemas Microinformáticos y Redes;SMR_V;N;22/09/2025;2003892;;;;2807079;
1589699;10230988;809;2025;O;CFGM (Mod. E-Learning) (LOFP) - Sistemas Microinformáticos y Redes;SMR_V;S;22/09/2025;2003892;2003892;;;2806363;
135694;10262942;809;2025;O;CFGM (Mod. E-Learning) (LOFP) - Sistemas Microinformáticos y Redes;SMR_V;S;01/10/2025;2003892;2003892;;;2805260;
1590952;10380850;809;2025;O;CFGM (Mod. E-Learning) (LOFP) - Sistemas Microinformáticos y Redes;SMR_V;N;14/01/2026;2003892;;;;2807219;
140070;10313357;809;2025;O;CFGM (Mod. E-Learning) (LOFP) - Sistemas Microinformáticos y Redes;SMR_V;N;23/10/2025;2003892;;;;2807213;
446722;10242629;809;2025;O;CFGM (Mod. E-Learning) (LOFP) - Sistemas Microinformáticos y Redes;SMR_V;N;24/09/2025;2003892;;;;2807159;
1386682;10265909;809;2025;O;CFGM (Mod. E-Learning) (LOFP) - Sistemas Microinformáticos y Redes;SMR_V;N;02/10/2025;2003892;;;;2807180;
523248;10230953;809;2025;O;CFGM (Mod. E-Learning) (LOFP) - Sistemas Microinformáticos y Redes;SMR_V;S;22/09/2025;2003892;2003892;;;2805528;
1391809;10312461;809;2025;O;CFGM (Mod. E-Learning) (LOFP) - Sistemas Microinformáticos y Redes;SMR_V;S;22/10/2025;2003892;13001327;;;2807211;
593147;10251481;809;2025;O;CFGM (Mod. E-Learning) (LOFP) - Sistemas Microinformáticos y Redes;SMR_V;N;26/09/2025;2003892;;;;2807169;
505296;10297833;809;2025;O;CFGM (Mod. E-Learning) (LOFP) - Sistemas Microinformáticos y Redes;SMR_V;N;14/10/2025;2003892;;;;2188363;
1218140;10230924;809;2025;O;CFGM (Mod. E-Learning) (LOFP) - Sistemas Microinformáticos y Redes;SMR_V;N;22/09/2025;2003892;;Anulada;21/10/2025;2807078;
388405;10230937;809;2025;O;CFGM (Mod. E-Learning) (LOFP) - Sistemas Microinformáticos y Redes;SMR_V;S;22/09/2025;2003892;2003892;;;149;
160891;10230947;809;2025;O;CFGM (Mod. E-Learning) (LOFP) - Sistemas Microinformáticos y Redes;SMR_V;S;22/09/2025;2003892;2003892;;;2805171;
1269129;10230957;809;2025;O;CFGM (Mod. E-Learning) (LOFP) - Sistemas Microinformáticos y Redes;SMR_V;N;22/09/2025;2003892;;;;2807095;
434889;10231002;809;2025;O;CFGM (Mod. E-Learning) (LOFP) - Sistemas Microinformáticos y Redes;SMR_V;S;22/09/2025;2003892;2003892;;;2805527;
253220;10300497;809;2025;O;CFGM (Mod. E-Learning) (LOFP) - Sistemas Microinformáticos y Redes;SMR_V;N;16/10/2025;2003892;;;;2807204;
195507;10230931;809;2025;O;CFGM (Mod. E-Learning) (LOFP) - Sistemas Microinformáticos y Redes;SMR_V;S;22/09/2025;2003892;2003892;;;8180;
1120345;10230997;809;2025;O;CFGM (Mod. E-Learning) (LOFP) - Sistemas Microinformáticos y Redes;SMR_V;S;22/09/2025;2003892;2003892;Anulada;01/10/2025;2188832;
353672;10224866;809;2025;O;CFGM (Mod. E-Learning) (LOFP) - Sistemas Microinformáticos y Redes;XSMR_V;N;19/09/2025;2003892;;Anulada;27/10/2025;2807039;
839333;10244830;809;2025;O;CFGM (Mod. E-Learning) (LOFP) - Sistemas Microinformáticos y Redes;XSMR_V;S;25/09/2025;2003892;2003892;Anulada;29/10/2025;2806291;
259534;10230899;809;2025;O;CFGM (Mod. E-Learning) (LOFP) - Sistemas Microinformáticos y Redes;XSMR_V;N;22/09/2025;2003892;;Anulada;18/11/2025;2805547;
863608;10395301;1682;2025;O;Curso de acceso a CFGM;CAGM;N;09/02/2026;2003892;;;;1639;
827532;10395302;1682;2025;O;Curso de acceso a CFGM;CAGM;N;09/02/2026;2003892;;;;1667;
868486;10395294;1682;2025;O;Curso de acceso a CFGM;CAGM;N;09/02/2026;2003892;;;;1632;
716660;10395296;1682;2025;O;Curso de acceso a CFGM;CAGM;N;09/02/2026;2003892;;;;2806001;
795314;10395299;1682;2025;O;Curso de acceso a CFGM;CAGM;N;09/02/2026;2003892;;;;2188517;
1295454;10400812;1682;2025;O;Curso de acceso a CFGM;CAGM;N;09/02/2026;2003892;;Anulada;04/03/2026;9220;
1547081;10401813;1682;2025;O;Curso de acceso a CFGM;CAGM;N;11/02/2026;2003892;;;;2805267;
878063;10396164;1682;2025;O;Curso de acceso a CFGM;CAGM;N;09/02/2026;2003892;;;;2807220;
1211840;10401002;1682;2025;O;Curso de acceso a CFGM;CAGM;N;09/02/2026;2003892;;;;9260;
1086776;10402846;1682;2025;O;Curso de acceso a CFGM;CAGM;N;09/02/2026;2003892;;;;1532;
868471;10396165;1682;2025;O;Curso de acceso a CFGM;CAGM;N;09/02/2026;2003892;;;;9219;
1613697;10007389;667;2025;O;1º de ESO (LOMLOE);1ºA BL;N;02/07/2025;2003892;2000593;Anulada;18/07/2025;2806662;PB-ING, Inglés 
1092733;9895796;667;2025;O;1º de ESO (LOMLOE);1ºA BL;N;01/07/2025;2003892;2000830;;;2806558;PB-ING, Inglés 
1016938;9929548;667;2025;O;1º de ESO (LOMLOE);1ºA BL;N;01/07/2025;2003892;2000830;;;2806588;PB-ING, Inglés 
1106019;10117847;667;2025;O;1º de ESO (LOMLOE);1ºA BL;N;21/07/2025;2003892;2000386;;;2806882;PB-ING, Inglés 
1124173;9915417;667;2025;O;1º de ESO (LOMLOE);1ºA BL;N;01/07/2025;2003892;2000091;;;2806573;PB-ING, Inglés 
1101965;9968129;667;2025;O;1º de ESO (LOMLOE);1ºA BL;N;02/07/2025;2003892;2000118;;;2806617;PB-ING, Inglés 
1403352;9945736;667;2025;O;1º de ESO (LOMLOE);1ºA BL;N;01/07/2025;2003892;2004112;;;2806610;PB-ING, Inglés 
1101971;9903249;667;2025;O;1º de ESO (LOMLOE);1ºA BL;N;01/07/2025;2003892;2000842;;;2806564;PB-ING, Inglés 
1096482;9928220;667;2025;O;1º de ESO (LOMLOE);1ºA BL;N;01/07/2025;2003892;2000830;;;2806587;PB-ING, Inglés 
1124002;9985233;667;2025;O;1º de ESO (LOMLOE);1ºA NBL;N;02/07/2025;2003892;2000106;;;2806636;
1099832;9935777;667;2025;O;1º de ESO (LOMLOE);1ºA NBL;N;01/07/2025;2003892;2000830;;;2806600;
1059802;10084751;667;2025;O;1º de ESO (LOMLOE);1ºA NBL;S;07/07/2025;2003892;2003892;;;2806481;
1317138;9945350;667;2025;O;1º de ESO (LOMLOE);1ºA NBL;N;01/07/2025;2003892;2004112;;;2806607;
1679658;9999053;667;2025;O;1º de ESO (LOMLOE);1ºA NBL;S;02/07/2025;2003892;2003892;;;2806460;
1679664;9999158;667;2025;O;1º de ESO (LOMLOE);1ºA NBL;S;02/07/2025;2003892;2003892;Anulada;02/07/2025;2806461;
1051738;9828828;667;2025;O;1º de ESO (LOMLOE);1ºA NBL;S;28/06/2025;2003892;2003892;;;2189321;
1047325;9980541;667;2025;O;1º de ESO (LOMLOE);1ºA NBL;N;02/07/2025;2003892;2004112;;;2806631;
1108084;9932118;667;2025;O;1º de ESO (LOMLOE);1ºA NBL;N;01/07/2025;2003892;2000830;;;2806597;
1058840;10084754;667;2025;O;1º de ESO (LOMLOE);1ºA NBL;S;07/07/2025;2003892;2003892;;;2805881;
1047490;9913351;667;2025;O;1º de ESO (LOMLOE);1ºA NBL;N;01/07/2025;2003892;2000091;;;2806570;
1102470;9930535;667;2025;O;1º de ESO (LOMLOE);1ºA NBL;N;01/07/2025;2003892;2000830;;;2806592;
1593990;10059826;667;2025;O;1º de ESO (LOMLOE);1ºA NBL;S;04/07/2025;2003892;2003892;;;2806121;
1101779;9913180;667;2025;O;1º de ESO (LOMLOE);1ºA NBL;N;01/07/2025;2003892;2000830;;;2806571;
1106415;9934926;667;2025;O;1º de ESO (LOMLOE);1ºA NBL;N;01/07/2025;2003892;2000830;;;2806598;
1679664;9999279;667;2025;O;1º de ESO (LOMLOE);1ºA NBL;S;02/07/2025;2003892;2003892;;;2806461;
959556;9795119;667;2025;O;1º de ESO (LOMLOE);1ºA NBL;S;26/06/2025;2003892;2003892;;;2189348;
1043288;9940151;667;2025;O;1º de ESO (LOMLOE);1ºA NBL;N;01/07/2025;2003892;2007769;;;2806603;
1098661;9946778;667;2025;O;1º de ESO (LOMLOE);1ºA NBL;N;01/07/2025;2003892;2000830;;;2806609;
1105460;9967814;667;2025;O;1º de ESO (LOMLOE);1ºA NBL;N;02/07/2025;2003892;2004112;;;2806616;
957287;9937734;667;2025;O;1º de ESO (LOMLOE);1ºA NBL;N;01/07/2025;2003892;2000830;;;2806602;
1691135;10245554;667;2025;O;1º de ESO (LOMLOE);1ºA NBL;N;25/09/2025;2003892;2001834;;;2807165;
1061108;10049090;667;2025;O;1º de ESO (LOMLOE);1ºB NBL;N;03/07/2025;2003892;2000519;;;2806761;
988872;10085517;667;2025;O;1º de ESO (LOMLOE);1ºB NBL;S;07/07/2025;2003892;2003892;;;2189362;
1006229;10085522;667;2025;O;1º de ESO (LOMLOE);1ºB NBL;S;07/07/2025;2003892;2003892;;;2806156;
1047412;9901791;667;2025;O;1º de ESO (LOMLOE);1ºB NBL;N;01/07/2025;2003892;2000091;;;2806562;
1096973;9930462;667;2025;O;1º de ESO (LOMLOE);1ºB NBL;N;01/07/2025;2003892;2000568;;;2806591;
1103853;10021407;667;2025;O;1º de ESO (LOMLOE);1ºB NBL;N;02/07/2025;2003892;2000167;;;2806719;
1101598;9894385;667;2025;O;1º de ESO (LOMLOE);1ºB NBL;N;01/07/2025;2003892;2000519;;;2806526;
1102499;9919479;667;2025;O;1º de ESO (LOMLOE);1ºB NBL;N;01/07/2025;2003892;2000568;;;2806577;
1520223;9998009;667;2025;O;1º de ESO (LOMLOE);1ºB NBL;N;02/07/2025;2003892;2000167;;;2806652;
1110460;9816318;667;2025;O;1º de ESO (LOMLOE);1ºB NBL;S;27/06/2025;2003892;2003892;;;9265;
1203073;9935378;667;2025;O;1º de ESO (LOMLOE);1ºB NBL;N;01/07/2025;2003892;;;;2806599;
1484314;10206844;667;2025;O;1º de ESO (LOMLOE);1ºB NBL;N;16/09/2025;2003892;2004112;;;2806923;
1008855;10051278;667;2025;O;1º de ESO (LOMLOE);1ºB NBL;S;03/07/2025;2003892;2003892;;;2806139;
1049545;9859198;667;2025;O;1º de ESO (LOMLOE);1ºB NBL;S;30/06/2025;2003892;2003892;;;2189344;
1059282;9927977;667;2025;O;1º de ESO (LOMLOE);1ºB NBL;S;01/07/2025;2003892;2003892;;;2806136;
1059564;9925232;667;2025;O;1º de ESO (LOMLOE);1ºB NBL;N;01/07/2025;2003892;2000878;;;2806582;
1017197;9842883;667;2025;O;1º de ESO (LOMLOE);1ºB NBL;S;30/06/2025;2003892;2003892;;;2805781;
1277883;9991907;667;2025;O;1º de ESO (LOMLOE);1ºB NBL;N;02/07/2025;2003892;2000167;;;2806642;
1053332;9854471;667;2025;O;1º de ESO (LOMLOE);1ºB NBL;S;30/06/2025;2003892;2003892;;;2189328;
1107833;10344990;667;2025;O;1º de ESO (LOMLOE);1ºB NBL;N;27/11/2025;2003892;2001834;;;2807217;
1103183;9983775;667;2025;O;1º de ESO (LOMLOE);1ºC NBL;N;02/07/2025;2003892;2000830;;;2806633;
1082622;10085521;667;2025;O;1º de ESO (LOMLOE);1ºC NBL;S;07/07/2025;2003892;2003892;;;2189342;
1096691;9920382;667;2025;O;1º de ESO (LOMLOE);1ºC NBL;N;01/07/2025;2003892;2000040;;;2806578;
1100963;9926512;667;2025;O;1º de ESO (LOMLOE);1ºC NBL;N;01/07/2025;2003892;2000830;;;2806584;
1664257;10085515;667;2025;O;1º de ESO (LOMLOE);1ºC NBL;S;07/07/2025;2003892;2003892;;;2806138;
1051383;9834835;667;2025;O;1º de ESO (LOMLOE);1ºC NBL;S;29/06/2025;2003892;2003892;;;2189327;
1093967;9945259;667;2025;O;1º de ESO (LOMLOE);1ºC NBL;N;01/07/2025;2003892;2000830;;;2806606;
1108486;10018499;667;2025;O;1º de ESO (LOMLOE);1ºC NBL;N;02/07/2025;2003892;2000830;;;2806706;
1611952;9930675;667;2025;O;1º de ESO (LOMLOE);1ºC NBL;N;01/07/2025;2003892;2000106;;;2806594;
1187118;9895981;667;2025;O;1º de ESO (LOMLOE);1ºC NBL;S;01/07/2025;2003892;2003892;;;2189345;
1103308;9914809;667;2025;O;1º de ESO (LOMLOE);1ºC NBL;N;01/07/2025;2003892;2000106;Anulada;18/07/2025;2806572;
991113;9819890;667;2025;O;1º de ESO (LOMLOE);1ºC NBL;S;27/06/2025;2003892;2003892;;;9281;
1092823;9944415;667;2025;O;1º de ESO (LOMLOE);1ºC NBL;N;01/07/2025;2003892;2004409;;;2806605;
1053370;9898903;667;2025;O;1º de ESO (LOMLOE);1ºC NBL;N;01/07/2025;2003892;2000830;;;2806559;
1017291;10186640;667;2025;O;1º de ESO (LOMLOE);1ºC NBL;N;09/09/2025;2003892;2000088;;;2806910;
1050993;9789945;667;2025;O;1º de ESO (LOMLOE);1ºC NBL;S;26/06/2025;2003892;2003892;;;9282;
1084648;10176781;667;2025;O;1º de ESO (LOMLOE);1ºC NBL;N;05/09/2025;2003892;2000091;;;2806907;
1104336;10021851;667;2025;O;1º de ESO (LOMLOE);1ºC NBL;N;02/07/2025;2003892;2000830;;;2806724;
1052629;9932376;667;2025;O;1º de ESO (LOMLOE);1ºC NBL;N;01/07/2025;2003892;2000106;;;2806596;
1044635;9936936;667;2025;O;1º de ESO (LOMLOE);1ºC NBL;N;01/07/2025;2003892;2000830;;;2806601;
1105937;9940668;667;2025;O;1º de ESO (LOMLOE);1ºC NBL;N;01/07/2025;2003892;2000088;;;2806604;
1100035;9930283;667;2025;O;1º de ESO (LOMLOE);1ºC NBL;N;01/07/2025;2003892;2000830;;;2806593;
1103176;9979345;667;2025;O;1º de ESO (LOMLOE);1ºC NBL;N;02/07/2025;2003892;2000830;;;2806627;
996436;9891402;667;2025;O;1º de ESO (LOMLOE);1ºC NBL;S;01/07/2025;2003892;2003892;;;2189331;
1100031;9929150;667;2025;O;1º de ESO (LOMLOE);1ºC NBL;N;01/07/2025;2003892;2000830;;;2806590;
1005068;10274009;667;2025;O;1º de ESO (LOMLOE);1ºC NBL;N;06/10/2025;2003892;;;;2806929;
1601521;10319861;667;2025;O;1º de ESO (LOMLOE);1ºC NBL;N;29/10/2025;2003892;2000091;;;2807215;
1745604;10262383;667;2025;O;1º de ESO (LOMLOE);1ºC NBL;N;01/10/2025;2003892;;;;2807175;
1548004;10093449;667;2025;O;1º de ESO (LOMLOE);1ºD NBL;N;09/07/2025;2003892;2000091;;;2806813;
1049529;10085520;667;2025;O;1º de ESO (LOMLOE);1ºD NBL;S;07/07/2025;2003892;2003892;;;2189330;
1298243;10026530;667;2025;O;1º de ESO (LOMLOE);1ºD NBL;S;03/07/2025;2003892;2003892;;;2805882;
1063411;10084752;667;2025;O;1º de ESO (LOMLOE);1ºD NBL;S;07/07/2025;2003892;2003892;;;2806157;
1108681;9927822;667;2025;O;1º de ESO (LOMLOE);1ºD NBL;N;01/07/2025;2003892;2000091;;;2806585;
1120745;9922838;667;2025;O;1º de ESO (LOMLOE);1ºD NBL;N;01/07/2025;2003892;2000040;;;2806580;
1176520;9903008;667;2025;O;1º de ESO (LOMLOE);1ºD NBL;N;01/07/2025;2003892;2000091;;;2806563;
958093;9904807;667;2025;O;1º de ESO (LOMLOE);1ºD NBL;N;01/07/2025;2003892;2000106;;;2806565;
1120744;9920054;667;2025;O;1º de ESO (LOMLOE);1ºD NBL;N;01/07/2025;2003892;2000040;;;2806579;
1093553;9917574;667;2025;O;1º de ESO (LOMLOE);1ºD NBL;N;01/07/2025;2003892;2000106;;;2806575;
1456394;10206907;667;2025;O;1º de ESO (LOMLOE);1ºD NBL;N;16/09/2025;2003892;2004112;;;2806927;
1103132;10040824;667;2025;O;1º de ESO (LOMLOE);1ºD NBL;N;03/07/2025;2003892;2003752;;;2806754;
1012543;10009115;667;2025;O;1º de ESO (LOMLOE);1ºD NBL;S;02/07/2025;2003892;2003892;Trasladada;04/02/2026;2806108;
1733643;10177917;667;2025;O;1º de ESO (LOMLOE);1ºD NBL;N;05/09/2025;2003892;;;;2806909;
1001825;9858194;667;2025;O;1º de ESO (LOMLOE);1ºD NBL;S;30/06/2025;2003892;2003892;;;2805496;
1031703;10187669;667;2025;O;1º de ESO (LOMLOE);1ºD NBL;N;09/09/2025;2003892;2000301;;;2806912;
1104476;10190426;667;2025;O;1º de ESO (LOMLOE);1ºD NBL;N;10/09/2025;2003892;2000568;;;2806915;
1092636;9910988;667;2025;O;1º de ESO (LOMLOE);1ºD NBL;N;01/07/2025;2003892;2000088;;;2806569;
1050055;9949815;667;2025;O;1º de ESO (LOMLOE);1ºD NBL;S;01/07/2025;2003892;2003892;;;2189335;
958100;9906410;667;2025;O;1º de ESO (LOMLOE);1ºD NBL;N;01/07/2025;2003892;2000106;;;2806566;
1107256;9986000;667;2025;O;1º de ESO (LOMLOE);1ºD NBL;N;02/07/2025;2003892;2004021;;;2806638;
1107753;9996605;667;2025;O;1º de ESO (LOMLOE);1ºD NBL;N;02/07/2025;2003892;2000091;;;2806649;
1051099;9857354;667;2025;O;1º de ESO (LOMLOE);1ºD NBL;S;30/06/2025;2003892;2003892;;;2189325;
1513650;10033857;667;2025;O;1º de ESO (LOMLOE);1ºD NBL;N;03/07/2025;2003892;2000106;Anulada;17/12/2025;2806742;
1116537;10000687;667;2025;O;1º de ESO (LOMLOE);1ºD NBL;N;02/07/2025;2003892;2000441;;;2806656;
1745962;10283444;667;2025;O;1º de ESO (LOMLOE);1ºD NBL;N;09/10/2025;2003892;;;;2807189;
1100929;9925475;667;2025;O;1º de ESO (LOMLOE);1ºB BL;N;01/07/2025;2003892;2000167;;;2806581;PB-ING, Inglés 
1612855;9964418;667;2025;O;1º de ESO (LOMLOE);1ºB BL;N;02/07/2025;2003892;2000167;;;2806612;PB-ING, Inglés 
1094224;9926298;667;2025;O;1º de ESO (LOMLOE);1ºB BL;N;01/07/2025;2003892;2000167;;;2806583;PB-ING, Inglés 
1097544;9900756;667;2025;O;1º de ESO (LOMLOE);1ºB BL;N;01/07/2025;2003892;2000167;;;2806561;PB-ING, Inglés 
957833;9907207;667;2025;O;1º de ESO (LOMLOE);1ºB BL;N;01/07/2025;2003892;2000519;;;2806567;PB-ING, Inglés 
1103498;9915832;667;2025;O;1º de ESO (LOMLOE);1ºB BL;N;01/07/2025;2003892;2000167;;;2806574;PB-ING, Inglés 
1017659;10236396;667;2025;O;1º de ESO (LOMLOE);1ºB BL;N;23/09/2025;2003892;2000091;;;2807138;PB-ING, Inglés 
1095103;9929830;667;2025;O;1º de ESO (LOMLOE);1ºB BL;N;01/07/2025;2003892;2000568;;;2806589;PB-ING, Inglés 
1053370;9897287;667;2025;O;1º de ESO (LOMLOE);;N;01/07/2025;2003892;2000830;Anulada;01/07/2025;2806559;
1050543;10054873;667;2025;O;2º de ESO (LOMLOE);B 2º;N;03/07/2025;2003892;2003892;Anulada;18/07/2025;2189363;
1009491;10067682;667;2025;O;2º de ESO (LOMLOE);X 2º;N;04/07/2025;2003892;2003892;Anulada;18/11/2025;2806142;
1047471;9780774;667;2025;O;2º de ESO (LOMLOE);2ºA NBL;N;26/06/2025;2003892;2003892;;;2189340;
1435334;9785572;667;2025;O;2º de ESO (LOMLOE);2ºA NBL;N;26/06/2025;2003892;2003892;;;2189347;
1052070;10055467;667;2025;O;2º de ESO (LOMLOE);2ºA NBL;N;03/07/2025;2003892;2003892;;;2189320;
1052227;9926150;667;2025;O;2º de ESO (LOMLOE);2ºA NBL;N;01/07/2025;2003892;2003892;;;9273;
1055575;9899324;667;2025;O;2º de ESO (LOMLOE);2ºA NBL;N;01/07/2025;2003892;2003892;;;2189332;
1026122;9923019;667;2025;O;2º de ESO (LOMLOE);2ºA NBL;N;01/07/2025;2003892;2003892;;;2805830;
1548097;9776511;667;2025;O;2º de ESO (LOMLOE);2ºA NBL;N;26/06/2025;2003892;2003892;;;2805436;
1057756;9920900;667;2025;O;2º de ESO (LOMLOE);2ºA NBL;N;01/07/2025;2003892;2003892;;;1718;
1005068;10208452;667;2025;O;2º de ESO (LOMLOE);2ºA NBL;N;16/09/2025;2003892;;Anulada;06/10/2025;2806929;
1299317;10063753;667;2025;O;2º de ESO (LOMLOE);2ºA NBL;N;04/07/2025;2003892;2003892;;;2189214;
1594260;9814918;667;2025;O;2º de ESO (LOMLOE);2ºA NBL;N;27/06/2025;2003892;2003892;;;2805477;
1052880;10187418;667;2025;O;2º de ESO (LOMLOE);2ºA NBL;N;09/09/2025;2003892;2003892;;;2189343;
1090024;10326087;667;2025;O;2º de ESO (LOMLOE);2ºA NBL;N;05/11/2025;2003892;2003892;;;2189207;
1049247;9835639;667;2025;O;2º de ESO (LOMLOE);2ºA NBL;N;29/06/2025;2003892;2003892;;;9262;
1057663;9926374;667;2025;O;2º de ESO (LOMLOE);2ºA NBL;N;01/07/2025;2003892;2003892;;;9285;
1045846;10019516;667;2025;O;2º de ESO (LOMLOE);2ºA NBL;N;02/07/2025;2003892;2003892;Trasladada;05/09/2025;2189351;
998082;10027180;667;2025;O;2º de ESO (LOMLOE);2ºA NBL;N;03/07/2025;2003892;2003892;;;1686;
955145;9842881;667;2025;O;2º de ESO (LOMLOE);2ºA NBL;N;30/06/2025;2003892;2003892;;;9266;
1055693;9924282;667;2025;O;2º de ESO (LOMLOE);2ºA NBL;N;01/07/2025;2003892;2003892;;;2189361;
1110479;9815998;667;2025;O;2º de ESO (LOMLOE);2ºB NBL;N;27/06/2025;2003892;2003892;;;9264;
935384;9896520;667;2025;O;2º de ESO (LOMLOE);2ºB NBL;N;01/07/2025;2003892;2003892;;;2189227;
1601933;10044788;667;2025;O;2º de ESO (LOMLOE);2ºB NBL;N;03/07/2025;2003892;2003892;;;2805751;
996257;9984944;667;2025;O;2º de ESO (LOMLOE);2ºB NBL;N;02/07/2025;2003892;2003892;;;2189341;
1045156;9807105;667;2025;O;2º de ESO (LOMLOE);2ºB NBL;N;27/06/2025;2003892;2003892;;;9263;
879543;10046891;667;2025;O;2º de ESO (LOMLOE);2ºB NBL;N;03/07/2025;2003892;2003892;;;2805880;
1051947;9829273;667;2025;O;2º de ESO (LOMLOE);2ºB NBL;N;28/06/2025;2003892;2003892;;;9275;
1615136;10063357;667;2025;O;2º de ESO (LOMLOE);2ºB NBL;N;04/07/2025;2003892;2003892;;;2805876;
1051367;10067675;667;2025;O;2º de ESO (LOMLOE);2ºB NBL;N;04/07/2025;2003892;2003892;;;2189338;
1578583;10067672;667;2025;O;2º de ESO (LOMLOE);2ºB NBL;N;04/07/2025;2003892;2003892;;;2806087;
1008121;10067674;667;2025;O;2º de ESO (LOMLOE);2ºB NBL;N;04/07/2025;2003892;2003892;;;2189226;
1163979;10067676;667;2025;O;2º de ESO (LOMLOE);2ºB NBL;N;04/07/2025;2003892;2003892;;;2805836;
976931;10067677;667;2025;O;2º de ESO (LOMLOE);2ºB NBL;N;04/07/2025;2003892;2003892;;;2189201;
945937;9991406;667;2025;O;2º de ESO (LOMLOE);2ºB NBL;N;02/07/2025;2003892;2003892;;;1699;
993368;9800092;667;2025;O;2º de ESO (LOMLOE);2ºD NBL;S;26/06/2025;2003892;2003892;;;2189346;
1415069;9764261;667;2025;O;2º de ESO (LOMLOE);2ºD NBL;N;26/06/2025;2003892;2003892;;;2806083;
1006209;10189429;667;2025;O;2º de ESO (LOMLOE);2ºD NBL;N;10/09/2025;2003892;2004008;;;2806914;
1594281;9851371;667;2025;O;2º de ESO (LOMLOE);2ºD NBL;N;30/06/2025;2003892;2003892;;;2805440;
1058712;10040866;667;2025;O;2º de ESO (LOMLOE);2ºD NBL;N;03/07/2025;2003892;2003892;;;2805885;
947016;10044149;667;2025;O;2º de ESO (LOMLOE);2ºD NBL;N;03/07/2025;2003892;2003892;;;2189212;
999756;9860778;667;2025;O;2º de ESO (LOMLOE);2ºD NBL;N;30/06/2025;2003892;2003892;;;2189211;
1049462;9787152;667;2025;O;2º de ESO (LOMLOE);2ºD NBL;N;26/06/2025;2003892;2003892;;;2189357;
1001135;9844315;667;2025;O;2º de ESO (LOMLOE);2ºD NBL;N;30/06/2025;2003892;2003892;;;1714;
1055893;10040444;667;2025;O;2º de ESO (LOMLOE);2ºD NBL;N;03/07/2025;2003892;2003892;;;2189350;
1055881;9937086;667;2025;O;2º de ESO (LOMLOE);2ºD NBL;N;01/07/2025;2003892;2003892;;;2189349;
1046792;9838352;667;2025;O;2º de ESO (LOMLOE);2ºD NBL;N;29/06/2025;2003892;2003892;;;2189355;
1042290;9795571;667;2025;O;2º de ESO (LOMLOE);2ºD NBL;N;26/06/2025;2003892;2003892;;;2189356;
1610788;10067678;667;2025;O;2º de ESO (LOMLOE);2ºD NBL;N;04/07/2025;2003892;2003892;;;2805867;
1592970;10067679;667;2025;O;2º de ESO (LOMLOE);2ºD NBL;N;04/07/2025;2003892;2003892;;;2805451;
991046;9853477;667;2025;O;2º de ESO (LOMLOE);2ºD NBL;N;30/06/2025;2003892;2003892;;;2189218;
1050196;9891031;667;2025;O;2º de ESO (LOMLOE);2ºD NBL;N;01/07/2025;2003892;2003892;;;9284;
1008889;9850624;667;2025;O;2º de ESO (LOMLOE);2ºD NBL;N;30/06/2025;2003892;2003892;;;9274;
1054473;9974851;667;2025;O;2º de ESO (LOMLOE);2ºD NBL;N;02/07/2025;2003892;2003892;;;2189358;
1009491;10375853;667;2025;O;2º de ESO (LOMLOE);2ºD NBL;N;08/01/2026;2003892;2003892;;;2806142;
1764062;10404941;667;2025;O;2º de ESO (LOMLOE);2ºD NBL;N;25/02/2026;2003892;;;;2807221;
1057724;9824691;667;2025;O;2º de ESO (LOMLOE);2ºA BL;N;27/06/2025;2003892;2003892;;;2189323;PB-ING, Inglés 
1059040;9819920;667;2025;O;2º de ESO (LOMLOE);2ºA BL;N;27/06/2025;2003892;2004598;;;2806555;PB-ING, Inglés 
1060147;9979487;667;2025;O;2º de ESO (LOMLOE);2ºA BL;N;02/07/2025;2003892;2003892;;;2189360;PB-ING, Inglés 
1000962;9855871;667;2025;O;2º de ESO (LOMLOE);2ºA BL;N;30/06/2025;2003892;2003892;;;1692;PB-ING, Inglés 
1045853;9824981;667;2025;O;2º de ESO (LOMLOE);2ºB BL;N;27/06/2025;2003892;2003892;;;9279;PB-ING, Inglés 
1614799;10036616;667;2025;O;2º de ESO (LOMLOE);2ºB BL;N;03/07/2025;2003892;2003892;;;9280;PB-ING, Inglés 
1047736;10057396;667;2025;O;2º de ESO (LOMLOE);2ºB BL;N;03/07/2025;2003892;2003892;;;2189324;PB-ING, Inglés 
1190834;9776854;667;2025;O;2º de ESO (LOMLOE);2ºB BL;N;26/06/2025;2003892;2003892;;;2189334;PB-ING, Inglés 
1043173;9823408;667;2025;O;2º de ESO (LOMLOE);2ºB BL;N;27/06/2025;2003892;2003892;;;9271;PB-ING, Inglés 
1043320;9775265;667;2025;O;2º de ESO (LOMLOE);2ºB BL;N;26/06/2025;2003892;2003892;;;2189336;PB-ING, Inglés 
1669802;9826916;667;2025;O;2º de ESO (LOMLOE);2ºB BL;N;28/06/2025;2003892;2003892;Anulada;19/02/2026;2806169;PB-ING, Inglés 
1610766;10046399;667;2025;O;2º de ESO (LOMLOE);2ºC NBL;N;03/07/2025;2003892;2003892;;;2189365;
878633;9903279;667;2025;O;2º de ESO (LOMLOE);2ºC NBL;N;01/07/2025;2003892;2003892;;;2189222;
1009534;10044511;667;2025;O;2º de ESO (LOMLOE);2ºC NBL;N;03/07/2025;2003892;2003892;;;2805883;
958023;9798271;667;2025;O;2º de ESO (LOMLOE);2ºC NBL;N;26/06/2025;2003892;2003892;;;9268;
1178162;9851207;667;2025;O;2º de ESO (LOMLOE);2ºC NBL;N;30/06/2025;2003892;2003892;;;2189352;
1014552;9769976;667;2025;O;2º de ESO (LOMLOE);2ºC NBL;N;26/06/2025;2003892;2003892;;;2189319;
1520337;9805856;667;2025;O;2º de ESO (LOMLOE);2ºC NBL;N;27/06/2025;2003892;2003892;;;2805434;
1614656;9921559;667;2025;O;2º de ESO (LOMLOE);2ºC NBL;S;01/07/2025;2003892;2003892;;;2805875;
1042355;9775548;667;2025;O;2º de ESO (LOMLOE);2ºC NBL;N;26/06/2025;2003892;2003892;;;9283;
1043157;9945460;667;2025;O;2º de ESO (LOMLOE);2ºC NBL;N;01/07/2025;2003892;2003892;;;2189337;
1047057;9848116;667;2025;O;2º de ESO (LOMLOE);2ºC NBL;N;30/06/2025;2003892;2003892;;;2189234;
1040584;10029727;667;2025;O;2º de ESO (LOMLOE);2ºC NBL;N;03/07/2025;2003892;2003892;;;2189213;
1056882;9815380;667;2025;O;2º de ESO (LOMLOE);2ºC NBL;N;27/06/2025;2003892;2003892;;;9270;
999832;9929834;667;2025;O;2º de ESO (LOMLOE);2ºC NBL;N;01/07/2025;2003892;2003892;;;2189241;
1090667;9810163;667;2025;O;2º de ESO (LOMLOE);2ºC NBL;N;27/06/2025;2003892;2003892;;;2189329;
945479;10009894;667;2025;O;2º de ESO (LOMLOE);2ºC NBL;N;02/07/2025;2003892;2003892;Trasladada;04/02/2026;2189245;
1066299;9772081;667;2025;O;2º de ESO (LOMLOE);2ºC NBL;N;26/06/2025;2003892;2003892;;;9272;
1058224;9928309;667;2025;O;2º de ESO (LOMLOE);2ºC NBL;N;01/07/2025;2003892;2003892;;;2189326;
1048157;10067681;667;2025;O;2º de ESO (LOMLOE);2ºC NBL;N;04/07/2025;2003892;2003892;;;2805887;
1052702;9779613;667;2025;O;2º de ESO (LOMLOE);2ºC NBL;N;26/06/2025;2003892;2003892;;;2189359;
1052001;9887480;667;2025;O;2º de ESO (LOMLOE);2ºC NBL;N;01/07/2025;2003892;2003892;;;9267;
1008491;9843455;667;2025;O;2º de ESO (LOMLOE);2ºC NBL;N;30/06/2025;2003892;2003892;;;2189244;
985669;9835047;667;2025;O;2º de ESO (LOMLOE);2ºC NBL;N;29/06/2025;2003892;2003892;;;2806109;
1649319;10052065;667;2025;O;2º de ESO (LOMLOE);;N;03/07/2025;2003892;2003892;Anulada;09/09/2025;2806554;
1055881;9936150;667;2025;O;2º de ESO (LOMLOE);;N;01/07/2025;2003892;2003892;Anulada;01/07/2025;2189349;
1554777;9780257;667;2025;O;3º de ESO (LOMLOE);3ºD NBL;N;26/06/2025;2003892;2003892;;;2805441;
868486;9817604;667;2025;O;3º de ESO (LOMLOE);3ºD NBL;N;27/06/2025;2003892;2003892;Anulada;03/02/2026;1632;
1211840;10086884;667;2025;O;3º de ESO (LOMLOE);3ºD NBL;N;07/07/2025;2003892;2003892;Anulada;03/02/2026;9260;
1009520;10070003;667;2025;O;3º de ESO (LOMLOE);3ºD NBL;N;04/07/2025;2003892;2003892;;;1701;
1734822;10204481;667;2025;O;3º de ESO (LOMLOE);3ºD NBL;N;15/09/2025;2003892;;;;2806921;
1001538;9835178;667;2025;O;3º de ESO (LOMLOE);3ºD NBL;N;29/06/2025;2003892;2003892;;;2189208;
1009173;10009194;667;2025;O;3º de ESO (LOMLOE);3ºD NBL;N;02/07/2025;2003892;2003892;;;2189217;
992910;9860720;667;2025;O;3º de ESO (LOMLOE);3ºD NBL;N;30/06/2025;2003892;2003892;;;1684;
927772;9949838;667;2025;O;3º de ESO (LOMLOE);3ºD NBL;N;01/07/2025;2003892;2003892;;;1664;
1007704;9781242;667;2025;O;3º de ESO (LOMLOE);3ºD NBL;N;26/06/2025;2003892;2003892;;;1682;
910753;9838176;667;2025;O;3º de ESO (LOMLOE);3ºD NBL;N;30/06/2025;2003892;2003892;;;1583;
988278;9937107;667;2025;O;3º de ESO (LOMLOE);3ºD NBL;N;01/07/2025;2003892;2003892;;;2189189;
1000916;9942283;667;2025;O;3º de ESO (LOMLOE);3ºD NBL;N;01/07/2025;2003892;2003892;;;1711;
1295755;9801830;667;2025;O;3º de ESO (LOMLOE);3ºD NBL;N;27/06/2025;2003892;2003892;;;2189209;
989524;9775263;667;2025;O;3º de ESO (LOMLOE);3ºD NBL;N;26/06/2025;2003892;2003892;;;2189185;
1426323;9861301;667;2025;O;3º de ESO (LOMLOE);3ºD NBL;N;30/06/2025;2003892;2003892;;;2189220;
1011395;9816391;667;2025;O;3º de ESO (LOMLOE);3ºD NBL;N;27/06/2025;2003892;2003892;;;1690;
1005100;9854925;667;2025;O;3º de ESO (LOMLOE);3ºD NBL;N;30/06/2025;2003892;2003892;;;1713;
827532;9887639;667;2025;O;3º de ESO (LOMLOE);3ºD NBL;S;01/07/2025;2003892;2003892;Anulada;03/02/2026;1667;
998698;9856100;667;2025;O;3º de ESO (LOMLOE);3ºD NBL;N;30/06/2025;2003892;2003892;;;2189187;
1063420;9777971;667;2025;O;3º de ESO (LOMLOE);3ºD NBL;N;26/06/2025;2003892;2003892;;;2189243;
1284038;9771640;667;2025;O;3º de ESO (LOMLOE);3ºD NBL;N;26/06/2025;2003892;2003892;;;1679;
761672;10249678;667;2025;O;3º de ESO (LOMLOE);3ºD NBL;N;26/09/2025;2003892;2003892;;;1663;
1601908;10177203;667;2025;O;3º de ESO (LOMLOE);3ºD NBL;N;05/09/2025;2003892;2003892;;;2805752;
1777669;10410922;667;2025;O;3º de ESO (LOMLOE);3ºD NBL;N;19/03/2026;2003892;;;;2807223;
942736;9898512;667;2025;O;3º de ESO (LOMLOE);3ºB DIVER;N;01/07/2025;2003892;2003892;;;2189210;
996007;10128815;667;2025;O;3º de ESO (LOMLOE);3ºB DIVER;N;24/07/2025;2003892;2003892;;;2189191;
939527;10127839;667;2025;O;3º de ESO (LOMLOE);3ºB DIVER;N;24/07/2025;2003892;2003892;;;1593;
915381;10127842;667;2025;O;3º de ESO (LOMLOE);3ºB DIVER;N;24/07/2025;2003892;2003892;;;2189216;
1513138;10127840;667;2025;O;3º de ESO (LOMLOE);3ºB DIVER;N;24/07/2025;2003892;2003892;;;1681;
913624;10127843;667;2025;O;3º de ESO (LOMLOE);3ºB DIVER;N;24/07/2025;2003892;2003892;;;1598;
998405;10127838;667;2025;O;3º de ESO (LOMLOE);3ºB DIVER;N;24/07/2025;2003892;2003892;;;2189182;
939683;10127841;667;2025;O;3º de ESO (LOMLOE);3ºB DIVER;N;24/07/2025;2003892;2003892;;;2189225;
1595884;10127845;667;2025;O;3º de ESO (LOMLOE);3ºB DIVER;S;24/07/2025;2003892;2003892;;;2806125;
977383;10070001;667;2025;O;3º de ESO (LOMLOE);3ºA BL;N;04/07/2025;2003892;2003892;;;1710;PB-ING, Inglés 
1000654;9809312;667;2025;O;3º de ESO (LOMLOE);3ºA BL;N;27/06/2025;2003892;2003892;;;2189197;PB-ING, Inglés 
1007764;9935521;667;2025;O;3º de ESO (LOMLOE);3ºA BL;N;01/07/2025;2003892;2003892;;;2189194;PB-ING, Inglés 
1004957;9859041;667;2025;O;3º de ESO (LOMLOE);3ºA BL;N;30/06/2025;2003892;2003892;;;2189199;PB-ING, Inglés 
1733608;10177911;667;2025;O;3º de ESO (LOMLOE);3ºA BL;N;05/09/2025;2003892;;;;2806908;
983675;9823105;667;2025;O;3º de ESO (LOMLOE);3ºA BL;N;27/06/2025;2003892;2003892;;;2189198;PB-ING, Inglés 
937990;9776447;667;2025;O;3º de ESO (LOMLOE);3ºA BL;N;26/06/2025;2003892;2003892;;;1704;PB-ING, Inglés 
1010043;9791253;667;2025;O;3º de ESO (LOMLOE);3ºA BL;N;26/06/2025;2003892;2003892;;;2189215;PB-ING, Inglés 
1003112;9795190;667;2025;O;3º de ESO (LOMLOE);3ºA BL;N;26/06/2025;2003892;2003892;;;1687;PB-ING, Inglés 
1000743;9931319;667;2025;O;3º de ESO (LOMLOE);3ºA BL;N;01/07/2025;2003892;2003892;;;1715;PB-ING, Inglés 
1527381;9763816;667;2025;O;3º de ESO (LOMLOE);3ºA BL;N;26/06/2025;2003892;2003892;;;1705;
1069335;10060719;667;2025;O;3º de ESO (LOMLOE);3ºB NBL;N;04/07/2025;2003892;2003892;;;1600;
1002226;10057454;667;2025;O;3º de ESO (LOMLOE);3ºB NBL;N;03/07/2025;2003892;2003892;;;2189237;
863608;9782011;667;2025;O;3º de ESO (LOMLOE);3ºB NBL;N;26/06/2025;2003892;2003892;Anulada;28/01/2026;1639;
908045;10011356;667;2025;O;3º de ESO (LOMLOE);3ºB NBL;N;02/07/2025;2003892;2003892;;;1587;
949729;10055279;667;2025;O;3º de ESO (LOMLOE);3ºB NBL;N;03/07/2025;2003892;2003892;;;9252;
1002216;10056113;667;2025;O;3º de ESO (LOMLOE);3ºB NBL;N;03/07/2025;2003892;2003892;;;2189238;
1285064;10052625;667;2025;O;3º de ESO (LOMLOE);3ºB NBL;N;03/07/2025;2003892;2003892;;;2805870;
752892;9833986;667;2025;O;3º de ESO (LOMLOE);3ºB NBL;N;29/06/2025;2003892;2003892;;;9258;
915353;10021843;667;2025;O;3º de ESO (LOMLOE);3ºB NBL;S;02/07/2025;2003892;2003892;;;1652;
995611;9785205;667;2025;O;3º de ESO (LOMLOE);3ºB NBL;N;26/06/2025;2003892;2003892;;;1680;
1007502;9800802;667;2025;O;3º de ESO (LOMLOE);3ºB NBL;N;26/06/2025;2003892;2003892;;;2805879;
1166320;9835963;667;2025;O;3º de ESO (LOMLOE);3ºB NBL;N;29/06/2025;2003892;2003892;;;2189206;
933722;9852068;667;2025;O;3º de ESO (LOMLOE);3ºB NBL;N;30/06/2025;2003892;2003892;;;1636;
984090;9764174;667;2025;O;3º de ESO (LOMLOE);3ºB NBL;N;26/06/2025;2003892;2003892;;;1685;
908369;10309363;667;2025;O;3º de ESO (LOMLOE);3ºB NBL;N;20/10/2025;2003892;2005116;;;2807209;
1745621;10262387;667;2025;O;3º de ESO (LOMLOE);3ºB NBL;N;01/10/2025;2003892;;;;2807176;
1672844;10070002;667;2025;O;3º de ESO (LOMLOE);3ºC NBL;N;04/07/2025;2003892;2003892;Anulada;11/02/2026;2806168;
993287;10066793;667;2025;O;3º de ESO (LOMLOE);3ºC NBL;N;04/07/2025;2003892;2003892;;;2189233;
919756;10069996;667;2025;O;3º de ESO (LOMLOE);3ºC NBL;N;04/07/2025;2003892;2003892;;;2189223;
1010301;10070000;667;2025;O;3º de ESO (LOMLOE);3ºC NBL;N;04/07/2025;2003892;2003892;;;2805748;
942546;9799726;667;2025;O;3º de ESO (LOMLOE);3ºC NBL;S;26/06/2025;2003892;2003892;;;1579;
1007953;9983131;667;2025;O;3º de ESO (LOMLOE);3ºC NBL;N;02/07/2025;2003892;2003892;;;2805435;
1005942;9822034;667;2025;O;3º de ESO (LOMLOE);3ºC NBL;N;27/06/2025;2003892;2003892;;;2189231;
993213;9852430;667;2025;O;3º de ESO (LOMLOE);3ºC NBL;N;30/06/2025;2003892;2003892;;;1708;
991813;9822960;667;2025;O;3º de ESO (LOMLOE);3ºC NBL;N;27/06/2025;2003892;2003892;;;1706;
992293;9829431;667;2025;O;3º de ESO (LOMLOE);3ºC NBL;N;28/06/2025;2003892;2003892;;;1707;
1004724;9845903;667;2025;O;3º de ESO (LOMLOE);3ºC NBL;N;30/06/2025;2003892;2003892;;;1691;
986347;9858827;667;2025;O;3º de ESO (LOMLOE);3ºC NBL;N;30/06/2025;2003892;2003892;;;1703;
855291;9794909;667;2025;O;3º de ESO (LOMLOE);3ºC NBL;N;26/06/2025;2003892;2003892;Anulada;16/09/2025;9227;
993665;9765733;667;2025;O;3º de ESO (LOMLOE);3ºC NBL;N;26/06/2025;2003892;2003892;;;1696;
999884;9789287;667;2025;O;3º de ESO (LOMLOE);3ºC NBL;N;26/06/2025;2003892;2003892;;;2805884;
1691351;10244961;667;2025;O;3º de ESO (LOMLOE);3ºC NBL;N;25/09/2025;2003892;2003491;;;2807166;
986685;9825448;667;2025;O;3º de ESO (LOMLOE);3ºC NBL;N;27/06/2025;2003892;2003892;;;1702;
995144;9821685;667;2025;O;3º de ESO (LOMLOE);3ºC NBL;N;27/06/2025;2003892;2003892;;;1697;
999634;9820951;667;2025;O;3º de ESO (LOMLOE);3ºA NBL;N;27/06/2025;2003892;2003892;;;2189188;
1004934;9824957;667;2025;O;3º de ESO (LOMLOE);3ºA NBL;N;27/06/2025;2003892;2003892;;;1688;
996243;10054972;667;2025;O;3º de ESO (LOMLOE);3ºA NBL;N;03/07/2025;2003892;2003892;;;2189219;
994136;9828243;667;2025;O;3º de ESO (LOMLOE);3ºA NBL;N;28/06/2025;2003892;2003892;;;1700;
986622;9966640;667;2025;O;3º de ESO (LOMLOE);3ºA NBL;N;02/07/2025;2003892;2003892;;;2189230;
1030167;9850533;667;2025;O;3º de ESO (LOMLOE);3ºA NBL;N;30/06/2025;2003892;2003892;;;2189236;
1612873;9964860;667;2025;O;3º de ESO (LOMLOE);3ºA NBL;N;02/07/2025;2003892;2003892;;;2805873;
1594255;9822320;667;2025;O;3º de ESO (LOMLOE);3ºA NBL;N;27/06/2025;2003892;2003892;Anulada;06/03/2026;2805438;
995492;9854290;667;2025;O;3º de ESO (LOMLOE);3ºA NBL;N;30/06/2025;2003892;2003892;;;2189202;
1030176;9791014;667;2025;O;3º de ESO (LOMLOE);3ºA NBL;N;26/06/2025;2003892;2003892;;;2189221;
1687815;9831522;667;2025;O;3º de ESO (LOMLOE);3ºA NBL;N;29/06/2025;2003892;2003892;;;2806546;
1745980;10283447;667;2025;O;3º de ESO (LOMLOE);3ºA NBL;N;09/10/2025;2003892;;;;2807190;
996636;9828984;667;2025;O;3º de ESO (LOMLOE);3ºA NBL;N;28/06/2025;2003892;2003892;;;2189203;
1007018;9799302;667;2025;O;3º de ESO (LOMLOE);3ºA NBL;N;26/06/2025;2003892;2003892;;;2189190;
999872;9816746;667;2025;O;3º de ESO (LOMLOE);3ºA NBL;N;27/06/2025;2003892;2003892;;;1689;
938273;9939941;667;2025;O;3º de ESO (LOMLOE);3ºA NBL;S;01/07/2025;2003892;2003892;;;1669;
1003829;10014468;667;2025;O;3º de ESO (LOMLOE);3ºA NBL;N;02/07/2025;2003892;2003892;;;2189232;
990506;9822074;667;2025;O;3º de ESO (LOMLOE);3ºA NBL;N;27/06/2025;2003892;2003892;;;1698;
989022;9795700;667;2025;O;3º de ESO (LOMLOE);3ºA NBL;N;26/06/2025;2003892;2003892;;;1695;
1664258;10164268;667;2025;O;3º de ESO (LOMLOE);3ºC DIVER;S;02/09/2025;2003892;2003892;;;2806141;
868596;10128814;667;2025;O;3º de ESO (LOMLOE);3ºC DIVER;S;24/07/2025;2003892;2003892;;;1507;
1592950;10200543;667;2025;O;3º de ESO (LOMLOE);3ºC DIVER;N;12/09/2025;2003892;2003892;;;2805450;
910727;10127835;667;2025;O;3º de ESO (LOMLOE);3ºC DIVER;N;24/07/2025;2003892;2003892;;;9253;
941900;10127836;667;2025;O;3º de ESO (LOMLOE);3ºC DIVER;N;24/07/2025;2003892;2003892;;;2189184;
936532;10127844;667;2025;O;3º de ESO (LOMLOE);3ºC DIVER;N;24/07/2025;2003892;2003892;;;1668;
939808;10127834;667;2025;O;3º de ESO (LOMLOE);3ºC DIVER;S;24/07/2025;2003892;2003892;;;1642;
966160;10127846;667;2025;O;3º de ESO (LOMLOE);3ºC DIVER;N;24/07/2025;2003892;2003892;;;2189204;
1295755;9801826;667;2025;O;3º de ESO (LOMLOE);;N;27/06/2025;2003892;2003892;Anulada;27/06/2025;2189209;
761672;9789360;667;2025;O;3º de ESO (LOMLOE);;N;26/06/2025;2003892;2003892;Anulada;03/07/2025;1663;
1295755;9801828;667;2025;O;3º de ESO (LOMLOE);;N;27/06/2025;2003892;2003892;Anulada;27/06/2025;2189209;
866885;9791613;667;2025;O;3º de ESO (LOMLOE);;S;26/06/2025;2003892;2003892;Anulada;01/09/2025;2805770;
913725;9834969;667;2025;O;4º de ESO (LOMLOE);4ºB NBL;N;29/06/2025;2003892;2003892;;;1576;
947569;9775591;667;2025;O;4º de ESO (LOMLOE);4ºB NBL;N;26/06/2025;2003892;2003892;;;1602;
909173;9831929;667;2025;O;4º de ESO (LOMLOE);4ºB NBL;N;29/06/2025;2003892;2003892;;;1670;
861634;10015430;667;2025;O;4º de ESO (LOMLOE);4ºB NBL;N;02/07/2025;2003892;2003892;;;1676;
868471;10048553;667;2025;O;4º de ESO (LOMLOE);4ºB NBL;S;03/07/2025;2003892;2003892;Anulada;06/02/2026;9219;
946361;9825925;667;2025;O;4º de ESO (LOMLOE);4ºB NBL;N;27/06/2025;2003892;2003892;;;1581;
913325;9831946;667;2025;O;4º de ESO (LOMLOE);4ºB NBL;N;29/06/2025;2003892;2003892;;;1628;
1443760;10052913;667;2025;O;4º de ESO (LOMLOE);4ºB NBL;S;03/07/2025;2003892;2003892;Anulada;20/03/2026;2189094;
912871;9821939;667;2025;O;4º de ESO (LOMLOE);4ºB NBL;N;27/06/2025;2003892;2003892;;;1674;
937519;9828002;667;2025;O;4º de ESO (LOMLOE);4ºB NBL;N;28/06/2025;2003892;2003892;;;1584;
939723;9855519;667;2025;O;4º de ESO (LOMLOE);4ºC BL;N;30/06/2025;2003892;2003892;;;1627;PB-ING, Inglés 
915344;9835613;667;2025;O;4º de ESO (LOMLOE);4ºC BL;N;29/06/2025;2003892;2003892;;;1589;PB-ING, Inglés 
941476;9823080;667;2025;O;4º de ESO (LOMLOE);4ºC BL;N;27/06/2025;2003892;2003892;;;1582;PB-ING, Inglés 
761974;10071501;667;2025;O;4º de ESO (LOMLOE);4ºD NBL;N;04/07/2025;2003892;2003892;;;2189242;
761685;9780659;667;2025;O;4º de ESO (LOMLOE);4ºD NBL;N;26/06/2025;2003892;2003892;;;1662;
946348;9780675;667;2025;O;4º de ESO (LOMLOE);4ºD NBL;N;26/06/2025;2003892;2003892;;;1580;
866885;10021273;667;2025;O;4º de ESO (LOMLOE);4ºD NBL;N;02/07/2025;2003892;2003892;;;2805770;
795314;9784728;667;2025;O;4º de ESO (LOMLOE);4ºD NBL;N;26/06/2025;2003892;2003892;Anulada;03/02/2026;2188517;
1593693;10070737;667;2025;O;4º de ESO (LOMLOE);4ºD NBL;N;04/07/2025;2003892;2003892;;;2805466;
945274;9859540;667;2025;O;4º de ESO (LOMLOE);4ºD NBL;N;30/06/2025;2003892;2003892;;;1597;
910178;9855320;667;2025;O;4º de ESO (LOMLOE);4ºD NBL;N;30/06/2025;2003892;2003892;;;1655;
1734787;10204981;667;2025;O;4º de ESO (LOMLOE);4ºD NBL;N;15/09/2025;2003892;;;;2806922;
1295454;10205119;667;2025;O;4º de ESO (LOMLOE);4ºD NBL;N;15/09/2025;2003892;2003892;Anulada;03/02/2026;9220;
854830;10005419;667;2025;O;4º de ESO (LOMLOE);4ºD NBL;N;02/07/2025;2003892;2003892;;;2805729;
795177;9831860;667;2025;O;4º de ESO (LOMLOE);4ºD NBL;S;29/06/2025;2003892;2003892;;;9098;
1131655;9825457;667;2025;O;4º de ESO (LOMLOE);4ºD NBL;N;27/06/2025;2003892;2003892;;;1599;
913788;9996584;667;2025;O;4º de ESO (LOMLOE);4ºD NBL;N;02/07/2025;2003892;2003892;;;1592;
1691353;10244981;667;2025;O;4º de ESO (LOMLOE);4ºD NBL;S;25/09/2025;2003892;2003491;;;2807167;
1771825;10405896;667;2025;O;4º de ESO (LOMLOE);4ºD NBL;N;03/03/2026;2003892;;;;2807222;
1295454;10406477;667;2025;O;4º de ESO (LOMLOE);4ºD NBL;N;04/03/2026;2003892;2003892;;;9220;
915768;9892279;667;2025;O;4º de ESO (LOMLOE);4ºA NBL;N;01/07/2025;2003892;2003892;;;1659;
874921;10063845;667;2025;O;4º de ESO (LOMLOE);4ºA NBL;N;04/07/2025;2003892;2003892;;;1629;
911363;9803738;667;2025;O;4º de ESO (LOMLOE);4ºA NBL;N;27/06/2025;2003892;2003892;;;1594;
934723;10071504;667;2025;O;4º de ESO (LOMLOE);4ºA NBL;N;04/07/2025;2003892;2003892;;;2189055;
938840;9849141;667;2025;O;4º de ESO (LOMLOE);4ºA NBL;N;30/06/2025;2003892;2003892;;;1610;
943695;10018349;667;2025;O;4º de ESO (LOMLOE);4ºA NBL;N;02/07/2025;2003892;2003892;;;1611;
929009;10068827;667;2025;O;4º de ESO (LOMLOE);4ºA NBL;N;04/07/2025;2003892;2003892;;;1626;
910089;9860140;667;2025;O;4º de ESO (LOMLOE);4ºA NBL;N;30/06/2025;2003892;2003892;;;1635;
918350;9799465;667;2025;O;4º de ESO (LOMLOE);4ºA NBL;N;26/06/2025;2003892;2003892;;;1588;
1026123;9924684;667;2025;O;4º de ESO (LOMLOE);4ºA NBL;N;01/07/2025;2003892;2003892;;;1638;
940862;9860804;667;2025;O;4º de ESO (LOMLOE);4ºA NBL;N;30/06/2025;2003892;2003892;;;9246;
938993;9937062;667;2025;O;4º de ESO (LOMLOE);4ºA NBL;N;01/07/2025;2003892;2003892;;;1653;
921521;9800821;667;2025;O;4º de ESO (LOMLOE);4ºA NBL;N;26/06/2025;2003892;2003892;;;1609;
939707;9861462;667;2025;O;4º de ESO (LOMLOE);4ºA NBL;N;30/06/2025;2003892;2003892;;;9247;
913870;9901958;667;2025;O;4º de ESO (LOMLOE);4ºA NBL;N;01/07/2025;2003892;2003892;;;1624;
943994;9834706;667;2025;O;4º de ESO (LOMLOE);4ºA NBL;N;29/06/2025;2003892;2003892;;;1618;
936560;9822066;667;2025;O;4º de ESO (LOMLOE);4ºA NBL;N;27/06/2025;2003892;2003892;;;1590;
866147;9778396;667;2025;O;4º de ESO (LOMLOE);4ºA NBL;N;26/06/2025;2003892;2003892;;;1531;
943684;9844313;667;2025;O;4º de ESO (LOMLOE);4ºA NBL;N;30/06/2025;2003892;2003892;;;1640;
868610;9919409;667;2025;O;4º de ESO (LOMLOE);4ºA NBL;N;01/07/2025;2003892;2003892;;;1538;
913627;10021364;667;2025;O;4º de ESO (LOMLOE);4ºB BL;N;02/07/2025;2003892;2003892;;;1648;PB-ING, Inglés 
915770;9848551;667;2025;O;4º de ESO (LOMLOE);4ºB BL;N;30/06/2025;2003892;2003892;;;1665;PB-ING, Inglés 
908442;10020097;667;2025;O;4º de ESO (LOMLOE);4ºB BL;N;02/07/2025;2003892;2003892;;;1666;PB-ING, Inglés 
924168;9834807;667;2025;O;4º de ESO (LOMLOE);4ºB BL;N;29/06/2025;2003892;2003892;;;1608;PB-ING, Inglés 
949162;10019742;667;2025;O;4º de ESO (LOMLOE);4ºB BL;N;02/07/2025;2003892;2003892;;;1651;PB-ING, Inglés 
934529;9889021;667;2025;O;4º de ESO (LOMLOE);4ºB BL;N;01/07/2025;2003892;2003892;;;1606;PB-ING, Inglés 
824664;10026680;667;2025;O;4º de ESO (LOMLOE);4ºB BL;N;03/07/2025;2003892;2003892;;;1671;PB-ING, Inglés 
933785;9836098;667;2025;O;4º de ESO (LOMLOE);4ºB BL;N;29/06/2025;2003892;2003892;;;1585;PB-ING, Inglés 
909087;9816413;667;2025;O;4º de ESO (LOMLOE);4ºB BL;N;27/06/2025;2003892;2003892;;;1574;PB-ING, Inglés 
911277;9832033;667;2025;O;4º de ESO (LOMLOE);4ºB BL;N;29/06/2025;2003892;2003892;;;1607;PB-ING, Inglés 
941654;9798770;667;2025;O;4º de ESO (LOMLOE);4ºB BL;N;26/06/2025;2003892;2003892;;;1617;PB-ING, Inglés 
1308878;9834711;667;2025;O;4º de ESO (LOMLOE);4ºB BL;N;29/06/2025;2003892;2003892;;;1622;PB-ING, Inglés 
937425;9821688;667;2025;O;4º de ESO (LOMLOE);4ºB BL;N;27/06/2025;2003892;2003892;;;1658;PB-ING, Inglés 
936156;9940702;667;2025;O;4º de ESO (LOMLOE);4ºB BL;N;01/07/2025;2003892;2003892;;;1654;PB-ING, Inglés 
938812;9800325;667;2025;O;4º de ESO (LOMLOE);4ºB BL;N;26/06/2025;2003892;2003892;;;1596;PB-ING, Inglés 
920845;9855191;667;2025;O;4º de ESO (LOMLOE);4ºB BL;N;30/06/2025;2003892;2003892;;;1672;PB-ING, Inglés 
939254;9834927;667;2025;O;4º de ESO (LOMLOE);4ºB BL;N;29/06/2025;2003892;2003892;;;1637;PB-ING, Inglés 
918636;9805434;667;2025;O;4º de ESO (LOMLOE);X 4º;N;27/06/2025;2003892;2003892;Anulada;12/11/2025;1649;
1424715;10031267;667;2025;O;4º de ESO (LOMLOE);4ºD DIVER;N;03/07/2025;2003892;2003892;;;2805865;
1547081;9919207;667;2025;O;4º de ESO (LOMLOE);4ºD DIVER;S;01/07/2025;2003892;2003892;Anulada;09/02/2026;2805267;
1520093;10065277;667;2025;O;4º de ESO (LOMLOE);4ºD DIVER;N;04/07/2025;2003892;2003892;;;2805264;
812299;9778289;667;2025;O;4º de ESO (LOMLOE);4ºD DIVER;S;26/06/2025;2003892;2003892;;;9138;
863863;9849853;667;2025;O;4º de ESO (LOMLOE);4ºD DIVER;N;30/06/2025;2003892;2003892;;;1547;
1518791;9768397;667;2025;O;4º de ESO (LOMLOE);4ºD DIVER;N;26/06/2025;2003892;2003892;;;2805263;
866134;9891166;667;2025;O;4º de ESO (LOMLOE);4ºD DIVER;N;01/07/2025;2003892;2003892;Anulada;16/09/2025;9251;
875191;9842903;667;2025;O;4º de ESO (LOMLOE);4ºD DIVER;N;30/06/2025;2003892;2003892;;;8952;
864960;9818352;667;2025;O;4º de ESO (LOMLOE);4ºD DIVER;N;27/06/2025;2003892;2003892;;;1619;
1519228;10070725;667;2025;O;4º de ESO (LOMLOE);F 4º;S;04/07/2025;2003892;2003892;;;2806144;
792091;10070965;667;2025;O;4º de ESO (LOMLOE);F 4º;S;04/07/2025;2003892;2003892;;;1520;
791710;10070968;667;2025;O;4º de ESO (LOMLOE);F 4º;S;04/07/2025;2003892;2003892;;;2188293;
801949;10070967;667;2025;O;4º de ESO (LOMLOE);F 4º;S;04/07/2025;2003892;2003892;;;2188316;
945146;10021352;667;2025;O;4º de ESO (LOMLOE);4ºC NBL;N;02/07/2025;2003892;2003892;;;1578;
1086776;10008851;667;2025;O;4º de ESO (LOMLOE);4ºC NBL;N;02/07/2025;2003892;2003892;Anulada;03/02/2026;1532;
944527;9856581;667;2025;O;4º de ESO (LOMLOE);4ºC NBL;N;30/06/2025;2003892;2003892;;;9255;
1057456;9925456;667;2025;O;4º de ESO (LOMLOE);4ºC NBL;N;01/07/2025;2003892;2003892;;;2188304;
855036;9861663;667;2025;O;4º de ESO (LOMLOE);4ºC NBL;N;30/06/2025;2003892;2003892;;;1544;
939741;9771835;667;2025;O;4º de ESO (LOMLOE);4ºC NBL;N;26/06/2025;2003892;2003892;;;1623;
944764;9830226;667;2025;O;4º de ESO (LOMLOE);4ºC NBL;N;28/06/2025;2003892;2003892;;;1625;
941883;9823708;667;2025;O;4º de ESO (LOMLOE);4ºC NBL;N;27/06/2025;2003892;2003892;;;1641;
940884;9920823;667;2025;O;4º de ESO (LOMLOE);4ºC NBL;N;01/07/2025;2003892;2003892;;;1657;
908491;9799891;667;2025;O;4º de ESO (LOMLOE);4ºC NBL;N;26/06/2025;2003892;2003892;;;1586;
911933;9793789;667;2025;O;4º de ESO (LOMLOE);4ºC NBL;N;26/06/2025;2003892;2003892;;;1577;
949221;9998698;667;2025;O;4º de ESO (LOMLOE);4ºC NBL;N;02/07/2025;2003892;2003892;;;2188315;
951180;10060042;667;2025;O;4º de ESO (LOMLOE);4ºC NBL;N;04/07/2025;2003892;2003892;;;2189084;
868569;10042769;667;2025;O;4º de ESO (LOMLOE);4ºC NBL;N;03/07/2025;2003892;2003892;;;1564;
861056;10042812;667;2025;O;4º de ESO (LOMLOE);4ºC NBL;N;03/07/2025;2003892;2003892;;;9259;
879434;9855136;667;2025;O;4º de ESO (LOMLOE);4ºC NBL;N;30/06/2025;2003892;2003892;;;1605;
1319819;9808796;667;2025;O;4º de ESO (LOMLOE);4ºC NBL;N;27/06/2025;2003892;2003892;;;1616;
936111;9838862;667;2025;O;4º de ESO (LOMLOE);4ºC NBL;N;29/06/2025;2003892;2003892;;;1573;
912055;9946871;667;2025;O;4º de ESO (LOMLOE);4ºC NBL;N;01/07/2025;2003892;2003892;;;1612;
859123;9991316;667;2025;O;4º de ESO (LOMLOE);4ºC NBL;N;02/07/2025;2003892;2003892;;;1524;
934333;9795674;667;2025;O;4º de ESO (LOMLOE);4ºC NBL;N;26/06/2025;2003892;2003892;;;1634;
912447;9926454;667;2025;O;4º de ESO (LOMLOE);4ºC NBL;N;01/07/2025;2003892;2003892;;;1646;
864318;9843020;667;2025;O;4º de ESO (LOMLOE);4ºC NBL;N;30/06/2025;2003892;2003892;;;1509;
1285116;10067107;667;2025;O;4º de ESO (LOMLOE);4ºA DIVER;N;04/07/2025;2003892;2003892;;;2805871;
934706;10042486;667;2025;O;4º de ESO (LOMLOE);4ºA DIVER;N;03/07/2025;2003892;2003892;;;1603;
862616;9849832;667;2025;O;4º de ESO (LOMLOE);4ºA DIVER;N;30/06/2025;2003892;2003892;;;1525;
1664259;10070964;667;2025;O;4º de ESO (LOMLOE);4ºA DIVER;S;04/07/2025;2003892;2003892;;;2806140;
1615175;10070966;667;2025;O;4º de ESO (LOMLOE);4ºA DIVER;N;04/07/2025;2003892;2003892;;;2805878;
1610789;10070969;667;2025;O;4º de ESO (LOMLOE);4ºA DIVER;N;04/07/2025;2003892;2003892;;;2805868;
863056;9843769;667;2025;O;4º de ESO (LOMLOE);4ºA DIVER;N;30/06/2025;2003892;2003892;;;9239;
796067;10008104;667;2025;O;4º de ESO (LOMLOE);4ºA DIVER;N;02/07/2025;2003892;2003892;;;1650;
1594096;10010461;667;2025;O;4º de ESO (LOMLOE);4ºA DIVER;N;02/07/2025;2003892;2003892;;;2805431;
947683;10009761;667;2025;O;4º de ESO (LOMLOE);4ºA DIVER;N;02/07/2025;2003892;2003892;;;1633;
177605;10220329;1622;2025;O;Curso de Esp. en Ciberseguridad en entornos de las tecnologías de la información (LOFP);CUR CIBER;N;18/09/2025;2003892;;;;2806934;
610663;10220344;1622;2025;O;Curso de Esp. en Ciberseguridad en entornos de las tecnologías de la información (LOFP);CUR CIBER;N;18/09/2025;2003892;;;;2189293;
618132;10220350;1622;2025;O;Curso de Esp. en Ciberseguridad en entornos de las tecnologías de la información (LOFP);CUR CIBER;N;18/09/2025;2003892;;;;2805333;
239050;10211122;1622;2025;O;Curso de Esp. en Ciberseguridad en entornos de las tecnologías de la información (LOFP);CUR CIBER;N;17/09/2025;2003892;;;;8734;
54743;10219361;1622;2025;O;Curso de Esp. en Ciberseguridad en entornos de las tecnologías de la información (LOFP);CUR CIBER;N;18/09/2025;2003892;;;;2806933;
244804;10222004;1622;2025;O;Curso de Esp. en Ciberseguridad en entornos de las tecnologías de la información (LOFP);CUR CIBER;N;18/09/2025;2003892;;;;2806943;
343192;10219396;1622;2025;O;Curso de Esp. en Ciberseguridad en entornos de las tecnologías de la información (LOFP);CUR CIBER;N;18/09/2025;2003892;;;;8662;
226769;10219415;1622;2025;O;Curso de Esp. en Ciberseguridad en entornos de las tecnologías de la información (LOFP);CUR CIBER;N;18/09/2025;2003892;;;;2189263;
596280;10224515;1622;2025;O;Curso de Esp. en Ciberseguridad en entornos de las tecnologías de la información (LOFP);CUR CIBER;N;19/09/2025;2003892;;;;2805357;
530963;10224513;1622;2025;O;Curso de Esp. en Ciberseguridad en entornos de las tecnologías de la información (LOFP);CUR CIBER;N;19/09/2025;2003892;;;;2806253;
178318;10224516;1622;2025;O;Curso de Esp. en Ciberseguridad en entornos de las tecnologías de la información (LOFP);CUR CIBER;N;19/09/2025;2003892;;;;9184;
169677;10224517;1622;2025;O;Curso de Esp. en Ciberseguridad en entornos de las tecnologías de la información (LOFP);CUR CIBER;N;19/09/2025;2003892;;;;2807051;
320484;10224871;1622;2025;O;Curso de Esp. en Ciberseguridad en entornos de las tecnologías de la información (LOFP);CUR CIBER;N;19/09/2025;2003892;;;;2807054;
645238;10224869;1622;2025;O;Curso de Esp. en Ciberseguridad en entornos de las tecnologías de la información (LOFP);CUR CIBER;N;19/09/2025;2003892;;;;2807049;
594966;10224874;1622;2025;O;Curso de Esp. en Ciberseguridad en entornos de las tecnologías de la información (LOFP);CUR CIBER;N;19/09/2025;2003892;;;;2807056;
521518;10236827;1622;2025;O;Curso de Esp. en Ciberseguridad en entornos de las tecnologías de la información (LOFP);CUR CIBER;N;23/09/2025;2003892;;;;2807116;
280273;10240776;1622;2025;O;Curso de Esp. en Ciberseguridad en entornos de las tecnologías de la información (LOFP);CUR CIBER;N;24/09/2025;2003892;;;;8357;
510571;10230882;1622;2025;O;Curso de Esp. en Ciberseguridad en entornos de las tecnologías de la información (LOFP);CUR CIBER;N;22/09/2025;2003892;;;;2807062;
623744;10226282;1622;2025;O;Curso de Esp. en Ciberseguridad en entornos de las tecnologías de la información (LOFP);CUR CIBER;N;19/09/2025;2003892;;;;2189288;
512128;10226283;1622;2025;O;Curso de Esp. en Ciberseguridad en entornos de las tecnologías de la información (LOFP);CUR CIBER;N;19/09/2025;2003892;;;;2805380;
511099;10241215;1622;2025;O;Curso de Esp. en Ciberseguridad en entornos de las tecnologías de la información (LOFP);CUR CIBER;N;24/09/2025;2003892;;;;2189050;
1585869;10220539;1622;2025;O;Curso de Esp. en Inteligencia artificial y Big Data (LOFP);CUR INTEL;N;18/09/2025;2003892;;;;2805516;
628440;10220522;1622;2025;O;Curso de Esp. en Inteligencia artificial y Big Data (LOFP);CUR INTEL;N;18/09/2025;2003892;;;;2805423;
388365;10220415;1622;2025;O;Curso de Esp. en Inteligencia artificial y Big Data (LOFP);CUR INTEL;N;18/09/2025;2003892;;;;2189257;
509426;10219548;1622;2025;O;Curso de Esp. en Inteligencia artificial y Big Data (LOFP);CUR INTEL;N;18/09/2025;2003892;;;;2806937;
275007;10219594;1622;2025;O;Curso de Esp. en Inteligencia artificial y Big Data (LOFP);CUR INTEL;N;18/09/2025;2003892;;;;2189252;
520701;10219616;1622;2025;O;Curso de Esp. en Inteligencia artificial y Big Data (LOFP);CUR INTEL;N;18/09/2025;2003892;;;;2188560;
528025;10224525;1622;2025;O;Curso de Esp. en Inteligencia artificial y Big Data (LOFP);CUR INTEL;N;19/09/2025;2003892;;;;2189020;
178218;10235355;1622;2025;O;Curso de Esp. en Inteligencia artificial y Big Data (LOFP);CUR INTEL;N;22/09/2025;2003892;;;;8818;
10001;10221562;1622;2025;O;Curso de Esp. en Inteligencia artificial y Big Data (LOFP);CUR INTEL;N;18/09/2025;2003892;;;;2806938;
831959;10224521;1622;2025;O;Curso de Esp. en Inteligencia artificial y Big Data (LOFP);CUR INTEL;N;19/09/2025;2003892;;Anulada;04/11/2025;265;
530545;10224524;1622;2025;O;Curso de Esp. en Inteligencia artificial y Big Data (LOFP);CUR INTEL;N;19/09/2025;2003892;;;;2189317;
554694;10224522;1622;2025;O;Curso de Esp. en Inteligencia artificial y Big Data (LOFP);CUR INTEL;N;19/09/2025;2003892;;Anulada;03/12/2025;2807053;
591227;10221426;1622;2025;O;Curso de Esp. en Inteligencia artificial y Big Data (LOFP);CUR INTEL;N;18/09/2025;2003892;;;;1146;
73702;10224872;1622;2025;O;Curso de Esp. en Inteligencia artificial y Big Data (LOFP);CUR INTEL;N;19/09/2025;2003892;;;;2807055;
386425;10224873;1622;2025;O;Curso de Esp. en Inteligencia artificial y Big Data (LOFP);CUR INTEL;N;19/09/2025;2003892;;;;2189012;
624300;10224877;1622;2025;O;Curso de Esp. en Inteligencia artificial y Big Data (LOFP);CUR INTEL;N;19/09/2025;2003892;;;;2805280;
35698;10224878;1622;2025;O;Curso de Esp. en Inteligencia artificial y Big Data (LOFP);CUR INTEL;N;19/09/2025;2003892;;;;2807057;
382713;10231915;1622;2025;O;Curso de Esp. en Inteligencia artificial y Big Data (LOFP);CUR INTEL;N;22/09/2025;2003892;;;;2188031;
195184;10240794;1622;2025;O;Curso de Esp. en Inteligencia artificial y Big Data (LOFP);CUR INTEL;N;24/09/2025;2003892;;;;7681;
64691;10241210;1622;2025;O;Curso de Esp. en Inteligencia artificial y Big Data (LOFP);CUR INTEL;N;24/09/2025;2003892;;;;2189031;
1404329;10025016;763;2025;O;1º de Bachillerato - Ciencias y Tecnología (LOMLOE);1º BACH C;N;03/07/2025;2003892;;;;2805877;
1654113;10012300;763;2025;O;1º de Bachillerato - Ciencias y Tecnología (LOMLOE);1º BACH C;N;02/07/2025;2003892;;;;2806133;
756710;10011084;763;2025;O;1º de Bachillerato - Ciencias y Tecnología (LOMLOE);1º BACH C;N;02/07/2025;2003892;;;;9240;
868785;10026285;763;2025;O;1º de Bachillerato - Ciencias y Tecnología (LOMLOE);1º BACH C;N;03/07/2025;2003892;;;;1516;
791688;10053935;763;2025;O;1º de Bachillerato - Ciencias y Tecnología (LOMLOE);1º BACH C;N;03/07/2025;2003892;;;;1488;
868608;9976925;763;2025;O;1º de Bachillerato - Ciencias y Tecnología (LOMLOE);1º BACH C;N;02/07/2025;2003892;;;;9230;
868573;10014000;763;2025;O;1º de Bachillerato - Ciencias y Tecnología (LOMLOE);1º BACH C;N;02/07/2025;2003892;;;;1560;
867433;10062649;763;2025;O;1º de Bachillerato - Ciencias y Tecnología (LOMLOE);1º BACH C;N;04/07/2025;2003892;;;;2188298;
868459;10016301;763;2025;O;1º de Bachillerato - Ciencias y Tecnología (LOMLOE);1º BACH C;N;02/07/2025;2003892;;;;1555;
862122;10054867;763;2025;O;1º de Bachillerato - Ciencias y Tecnología (LOMLOE);1º BACH C;N;03/07/2025;2003892;;;;1522;
728070;10002693;763;2025;O;1º de Bachillerato - Ciencias y Tecnología (LOMLOE);1º BACH C;N;02/07/2025;2003892;;;;8938;
752525;9956333;763;2025;O;1º de Bachillerato - Ciencias y Tecnología (LOMLOE);1º BACH C;N;02/07/2025;2003892;;;;1571;
895417;10054878;763;2025;O;1º de Bachillerato - Ciencias y Tecnología (LOMLOE);1º BACH C;N;03/07/2025;2003892;;;;2189183;
855177;10015391;763;2025;O;1º de Bachillerato - Ciencias y Tecnología (LOMLOE);1º BACH C;N;02/07/2025;2003892;;;;1546;
858292;10050738;763;2025;O;1º de Bachillerato - Ciencias y Tecnología (LOMLOE);1º BACH C;N;03/07/2025;2003892;;;;2806767;
1735324;10208382;763;2025;O;1º de Bachillerato - Ciencias y Tecnología (LOMLOE);1º BACH C;N;16/09/2025;2003892;;Anulada;22/10/2025;2806928;
1240501;10186621;763;2025;O;1º de Bachillerato - Ciencias y Tecnología (LOMLOE);1º BACH C;N;09/09/2025;2003892;;;;2189088;
1295753;10195875;763;2025;O;1º de Bachillerato - Ciencias y Tecnología (LOMLOE);1º BACH C;N;11/09/2025;2003892;;;;2188296;
1085619;10190933;763;2025;O;1º de Bachillerato - Ciencias y Tecnología (LOMLOE);1º BACH C;N;10/09/2025;2003892;;;;9152;
1457162;10209851;763;2025;O;1º de Bachillerato - Ciencias y Tecnología (LOMLOE);1º BACH C;N;16/09/2025;2003892;;;;2189086;
868549;10009815;763;2025;O;1º de Bachillerato - Ciencias y Tecnología (LOMLOE);1º BACH C;N;02/07/2025;2003892;;;;2189178;
856380;10004941;763;2025;O;1º de Bachillerato - Ciencias y Tecnología (LOMLOE);1º BACH C;N;02/07/2025;2003892;;;;1562;
862655;10012591;763;2025;O;1º de Bachillerato - Ciencias y Tecnología (LOMLOE);1º BACH C;N;02/07/2025;2003892;;;;1526;
867659;10010742;763;2025;O;1º de Bachillerato - Ciencias y Tecnología (LOMLOE);1º BACH C;N;02/07/2025;2003892;;;;1533;
863573;10030518;763;2025;O;1º de Bachillerato - Ciencias y Tecnología (LOMLOE);1º BACH C;N;03/07/2025;2003892;;;;1545;
868599;10033656;763;2025;O;1º de Bachillerato - Ciencias y Tecnología (LOMLOE);1º BACH C;N;03/07/2025;2003892;;;;1508;
1376067;10257466;763;2025;O;1º de Bachillerato - Ciencias y Tecnología (LOMLOE);1º BACH C;N;29/09/2025;2003892;;;;2188547;
756710;10010928;763;2025;O;1º de Bachillerato - Ciencias y Tecnología (LOMLOE);;N;02/07/2025;2003892;;Anulada;02/07/2025;9240;
864211;10026609;763;2025;O;1º de Bachillerato - Ciencias y Tecnología (LOMLOE);;N;03/07/2025;2003892;;Anulada;01/09/2025;9228;
790946;9920652;763;2025;O;2º de Bachillerato - Ciencias y Tecnología (LOMLOE);2º BACH B;N;01/07/2025;2003892;2003892;;;9066;
1303960;9826869;763;2025;O;2º de Bachillerato - Ciencias y Tecnología (LOMLOE);2º BACH B;N;27/06/2025;2003892;2003892;;;2187965;
788947;9826871;763;2025;O;2º de Bachillerato - Ciencias y Tecnología (LOMLOE);2º BACH B;N;27/06/2025;2003892;2003892;;;9078;
761953;9791876;763;2025;O;2º de Bachillerato - Ciencias y Tecnología (LOMLOE);2º BACH B;N;26/06/2025;2003892;2003892;;;9095;
793966;10054921;763;2025;O;2º de Bachillerato - Ciencias y Tecnología (LOMLOE);2º BACH B;N;03/07/2025;2003892;2003892;;;9063;
961315;9790924;763;2025;O;2º de Bachillerato - Ciencias y Tecnología (LOMLOE);2º BACH B;N;26/06/2025;2003892;2003892;;;1422;
790928;9790042;763;2025;O;2º de Bachillerato - Ciencias y Tecnología (LOMLOE);2º BACH B;N;26/06/2025;2003892;2003892;;;1506;
1445689;9830367;763;2025;O;2º de Bachillerato - Ciencias y Tecnología (LOMLOE);2º BACH B;N;28/06/2025;2003892;2003892;;;2189082;
797539;9787820;763;2025;O;2º de Bachillerato - Ciencias y Tecnología (LOMLOE);2º BACH B;N;26/06/2025;2003892;2003892;;;9082;
799903;9934011;763;2025;O;2º de Bachillerato - Ciencias y Tecnología (LOMLOE);2º BACH B;N;01/07/2025;2003892;2003892;;;9169;
790843;9769398;763;2025;O;2º de Bachillerato - Ciencias y Tecnología (LOMLOE);2º BACH B;N;26/06/2025;2003892;2003892;;;9142;
599286;10278023;763;2025;O;2º de Bachillerato - Ciencias y Tecnología (LOMLOE);2º BACH B;S;07/10/2025;2003892;2007794;Anulada;10/11/2025;2807187;
799242;9825077;763;2025;O;2º de Bachillerato - Ciencias y Tecnología (LOMLOE);2º BACH C;N;27/06/2025;2003892;2003892;;;1494;
792592;9819022;763;2025;O;2º de Bachillerato - Ciencias y Tecnología (LOMLOE);2º BACH C;N;27/06/2025;2003892;2003892;;;9123;
796501;10051999;763;2025;O;2º de Bachillerato - Ciencias y Tecnología (LOMLOE);2º BACH C;N;03/07/2025;2003892;2003892;;;9096;
796867;9793230;763;2025;O;2º de Bachillerato - Ciencias y Tecnología (LOMLOE);2º BACH C;N;26/06/2025;2003892;2003892;;;9102;
812022;9824720;763;2025;O;2º de Bachillerato - Ciencias y Tecnología (LOMLOE);2º BACH C;N;27/06/2025;2003892;2003892;;;2189322;
797213;9792056;763;2025;O;2º de Bachillerato - Ciencias y Tecnología (LOMLOE);2º BACH C;N;26/06/2025;2003892;2003892;;;9084;
792493;9828695;763;2025;O;2º de Bachillerato - Ciencias y Tecnología (LOMLOE);2º BACH C;N;28/06/2025;2003892;2003892;;;9068;
1467269;9818320;763;2025;O;2º de Bachillerato - Ciencias y Tecnología (LOMLOE);2º BACH C;N;27/06/2025;2003892;2003892;;;2189117;
792835;9828834;763;2025;O;2º de Bachillerato - Ciencias y Tecnología (LOMLOE);2º BACH C;N;28/06/2025;2003892;2003892;;;9134;
797550;9934566;763;2025;O;2º de Bachillerato - Ciencias y Tecnología (LOMLOE);2º BACH C;N;01/07/2025;2003892;2003892;;;9112;
789029;10028072;763;2025;O;2º de Bachillerato - Ciencias y Tecnología (LOMLOE);2º BACH C;N;03/07/2025;2003892;2003892;;;9144;
804263;10041215;763;2025;O;2º de Bachillerato - Ciencias y Tecnología (LOMLOE);2º BACH C;N;03/07/2025;2003892;2003892;;;9116;
726131;10052722;763;2025;O;2º de Bachillerato - Ciencias y Tecnología (LOMLOE);2º BACH C;N;03/07/2025;2003892;2003892;;;2189353;
796923;9823374;763;2025;O;2º de Bachillerato - Ciencias y Tecnología (LOMLOE);2º BACH C;N;27/06/2025;2003892;2003892;;;9088;
722690;9790072;763;2025;O;2º de Bachillerato - Ciencias y Tecnología (LOMLOE);2º BACH C;S;26/06/2025;2003892;2003892;;;1380;
799117;9785843;763;2025;O;2º de Bachillerato - Ciencias y Tecnología (LOMLOE);2º BACH C;N;26/06/2025;2003892;2003892;;;8955;
800765;9785850;763;2025;O;2º de Bachillerato - Ciencias y Tecnología (LOMLOE);2º BACH C;N;26/06/2025;2003892;2003892;;;9073;
797556;9819453;763;2025;O;2º de Bachillerato - Ciencias y Tecnología (LOMLOE);2º BACH C;N;27/06/2025;2003892;2003892;;;9124;
1612435;9770773;763;2025;O;2º de Bachillerato - Ciencias y Tecnología (LOMLOE);2º BACH C;N;26/06/2025;2003892;2003892;;;1717;
1585617;9821954;763;2025;O;2º de Bachillerato - Ciencias y Tecnología (LOMLOE);2º BACH C;N;27/06/2025;2003892;2003892;;;2805447;
790808;9829186;763;2025;O;2º de Bachillerato - Ciencias y Tecnología (LOMLOE);2º BACH C;N;28/06/2025;2003892;2003892;;;1502;
719021;9824340;763;2025;O;2º de Bachillerato - Ciencias y Tecnología (LOMLOE);2º BACH C;S;27/06/2025;2003892;2003892;;;1432;
667002;9794910;763;2025;O;2º de Bachillerato - Ciencias y Tecnología (LOMLOE);2º BACH C;N;26/06/2025;2003892;2003892;;;2188668;
1604549;10034114;763;2025;O;2º de Bachillerato - Ciencias y Tecnología (LOMLOE);2º BACH C;S;03/07/2025;2003892;2003892;;;2805818;
795306;9945137;763;2025;O;2º de Bachillerato - Ciencias y Tecnología (LOMLOE);2º BACH C;N;01/07/2025;2003892;2003892;;;9110;
756920;10011137;763;2025;O;1º de Bachillerato - Humanidades y Ciencias Sociales (LOMLOE);1º BACH B;N;02/07/2025;2003892;;;;9237;
1532932;10104967;763;2025;O;1º de Bachillerato - Humanidades y Ciencias Sociales (LOMLOE);1º BACH B;N;11/07/2025;2003892;;;;2805266;
869033;9991532;763;2025;O;1º de Bachillerato - Humanidades y Ciencias Sociales (LOMLOE);1º BACH B;N;02/07/2025;2003892;;;;1549;
855654;10014218;763;2025;O;1º de Bachillerato - Humanidades y Ciencias Sociales (LOMLOE);1º BACH B;N;02/07/2025;2003892;;;;1541;
868602;10053366;763;2025;O;1º de Bachillerato - Humanidades y Ciencias Sociales (LOMLOE);1º BACH B;N;03/07/2025;2003892;;;;1554;
868768;10006796;763;2025;O;1º de Bachillerato - Humanidades y Ciencias Sociales (LOMLOE);1º BACH B;N;02/07/2025;2003892;;;;1567;
864188;10015206;763;2025;O;1º de Bachillerato - Humanidades y Ciencias Sociales (LOMLOE);1º BACH B;N;02/07/2025;2003892;;;;1572;
867282;10015208;763;2025;O;1º de Bachillerato - Humanidades y Ciencias Sociales (LOMLOE);1º BACH B;N;02/07/2025;2003892;;;;2188511;
859131;10189908;763;2025;O;1º de Bachillerato - Humanidades y Ciencias Sociales (LOMLOE);1º BACH B;N;10/09/2025;2003892;;;;2806916;
824941;9971807;763;2025;O;1º de Bachillerato - Humanidades y Ciencias Sociales (LOMLOE);1º BACH B;N;02/07/2025;2003892;;;;1558;
868979;10012186;763;2025;O;1º de Bachillerato - Humanidades y Ciencias Sociales (LOMLOE);1º BACH B;N;02/07/2025;2003892;;;;1556;
864363;10004230;763;2025;O;1º de Bachillerato - Humanidades y Ciencias Sociales (LOMLOE);1º BACH B;N;02/07/2025;2003892;;;;1569;
864211;10177139;763;2025;O;1º de Bachillerato - Humanidades y Ciencias Sociales (LOMLOE);1º BACH B;N;05/09/2025;2003892;;;;9228;
878055;9963333;763;2025;O;1º de Bachillerato - Humanidades y Ciencias Sociales (LOMLOE);1º BACH B;N;02/07/2025;2003892;;;;1559;
1421294;9808385;763;2025;O;1º de Bachillerato - Humanidades y Ciencias Sociales (LOMLOE);1º BACH B;S;27/06/2025;2003892;2003892;;;2188855;
868781;10057093;763;2025;O;1º de Bachillerato - Humanidades y Ciencias Sociales (LOMLOE);1º BACH B;N;03/07/2025;2003892;;;;2188321;
862526;10009883;763;2025;O;1º de Bachillerato - Humanidades y Ciencias Sociales (LOMLOE);1º BACH B;N;02/07/2025;2003892;;;;1530;
868460;10019463;763;2025;O;1º de Bachillerato - Humanidades y Ciencias Sociales (LOMLOE);1º BACH B;N;02/07/2025;2003892;;;;9225;
868499;10014378;763;2025;O;1º de Bachillerato - Humanidades y Ciencias Sociales (LOMLOE);1º BACH B;N;02/07/2025;2003892;;;;1551;
789581;9999411;763;2025;O;1º de Bachillerato - Humanidades y Ciencias Sociales (LOMLOE);1º BACH B;N;02/07/2025;2003892;;;;1496;
861158;10019477;763;2025;O;1º de Bachillerato - Humanidades y Ciencias Sociales (LOMLOE);1º BACH B;N;02/07/2025;2003892;;;;9232;
855783;9995093;763;2025;O;1º de Bachillerato - Humanidades y Ciencias Sociales (LOMLOE);1º BACH A;N;02/07/2025;2003892;;;;2806647;
854785;10005081;763;2025;O;1º de Bachillerato - Humanidades y Ciencias Sociales (LOMLOE);1º BACH A;N;02/07/2025;2003892;;;;1510;
868693;10052308;763;2025;O;1º de Bachillerato - Humanidades y Ciencias Sociales (LOMLOE);1º BACH A;N;03/07/2025;2003892;;;;1535;
868601;10055497;763;2025;O;1º de Bachillerato - Humanidades y Ciencias Sociales (LOMLOE);1º BACH A;N;03/07/2025;2003892;;;;1553;
761991;10057650;763;2025;O;1º de Bachillerato - Humanidades y Ciencias Sociales (LOMLOE);1º BACH A;N;04/07/2025;2003892;;;;1523;
878026;10057616;763;2025;O;1º de Bachillerato - Humanidades y Ciencias Sociales (LOMLOE);1º BACH A;N;04/07/2025;2003892;;;;1512;
863050;10052161;763;2025;O;1º de Bachillerato - Humanidades y Ciencias Sociales (LOMLOE);1º BACH A;N;03/07/2025;2003892;;;;1514;
797229;9980594;763;2025;O;1º de Bachillerato - Humanidades y Ciencias Sociales (LOMLOE);1º BACH A;N;02/07/2025;2003892;;;;1557;
854784;9987856;763;2025;O;1º de Bachillerato - Humanidades y Ciencias Sociales (LOMLOE);1º BACH A;N;02/07/2025;2003892;;;;1519;
864903;10014730;763;2025;O;1º de Bachillerato - Humanidades y Ciencias Sociales (LOMLOE);1º BACH A;N;02/07/2025;2003892;;;;1537;
749271;9996820;763;2025;O;1º de Bachillerato - Humanidades y Ciencias Sociales (LOMLOE);1º BACH A;N;02/07/2025;2003892;;;;2806648;
889237;10199453;763;2025;O;1º de Bachillerato - Humanidades y Ciencias Sociales (LOMLOE);1º BACH A;N;12/09/2025;2003892;;;;1521;
868797;10019292;763;2025;O;1º de Bachillerato - Humanidades y Ciencias Sociales (LOMLOE);1º BACH A;N;02/07/2025;2003892;;;;2188287;
875284;9950637;763;2025;O;1º de Bachillerato - Humanidades y Ciencias Sociales (LOMLOE);1º BACH A;N;02/07/2025;2003892;;;;2806611;
1124483;10102405;763;2025;O;1º de Bachillerato - Humanidades y Ciencias Sociales (LOMLOE);1º BACH A;S;10/07/2025;2003892;2003892;Anulada;29/01/2026;9136;
862627;10054469;763;2025;O;1º de Bachillerato - Humanidades y Ciencias Sociales (LOMLOE);1º BACH A;N;03/07/2025;2003892;;;;1527;
796858;10002213;763;2025;O;1º de Bachillerato - Humanidades y Ciencias Sociales (LOMLOE);1º BACH A;N;02/07/2025;2003892;;;;9130;
866109;10000475;763;2025;O;1º de Bachillerato - Humanidades y Ciencias Sociales (LOMLOE);1º BACH A;N;02/07/2025;2003892;;;;2188305;
861441;10019446;763;2025;O;1º de Bachillerato - Humanidades y Ciencias Sociales (LOMLOE);1º BACH A;N;02/07/2025;2003892;;;;1517;
797057;10039839;763;2025;O;1º de Bachillerato - Humanidades y Ciencias Sociales (LOMLOE);1º BACH A;N;03/07/2025;2003892;;;;2806123;
861312;9996613;763;2025;O;1º de Bachillerato - Humanidades y Ciencias Sociales (LOMLOE);1º BACH A;N;02/07/2025;2003892;;;;2806650;
868754;9995855;763;2025;O;1º de Bachillerato - Humanidades y Ciencias Sociales (LOMLOE);1º BACH A;N;02/07/2025;2003892;;;;1542;
867662;10021112;763;2025;O;1º de Bachillerato - Humanidades y Ciencias Sociales (LOMLOE);1º BACH A;N;02/07/2025;2003892;;;;2188516;
864538;9987630;763;2025;O;1º de Bachillerato - Humanidades y Ciencias Sociales (LOMLOE);1º BACH A;N;02/07/2025;2003892;;;;2806131;
865368;9966598;763;2025;O;1º de Bachillerato - Humanidades y Ciencias Sociales (LOMLOE);1º BACH A;N;02/07/2025;2003892;;Anulada;22/10/2025;9231;
1303080;9824946;763;2025;O;2º de Bachillerato - Humanidades y Ciencias Sociales (LOMLOE);2º BACH B;N;27/06/2025;2003892;2003892;;;9269;
792584;9836992;763;2025;O;2º de Bachillerato - Humanidades y Ciencias Sociales (LOMLOE);2º BACH B;N;29/06/2025;2003892;2003892;;;9107;
726036;9836995;763;2025;O;2º de Bachillerato - Humanidades y Ciencias Sociales (LOMLOE);2º BACH B;N;29/06/2025;2003892;2003892;;;1434;
1254066;9832075;763;2025;O;2º de Bachillerato - Humanidades y Ciencias Sociales (LOMLOE);2º BACH B;N;29/06/2025;2003892;2003892;;;1461;
747670;9932403;763;2025;O;2º de Bachillerato - Humanidades y Ciencias Sociales (LOMLOE);2º BACH B;N;01/07/2025;2003892;2003892;;;1499;
794776;9819900;763;2025;O;2º de Bachillerato - Humanidades y Ciencias Sociales (LOMLOE);2º BACH B;N;27/06/2025;2003892;2003892;;;9100;
853842;10015996;763;2025;O;2º de Bachillerato - Humanidades y Ciencias Sociales (LOMLOE);2º BACH B;N;02/07/2025;2003892;2003892;;;8942;
812472;9855329;763;2025;O;2º de Bachillerato - Humanidades y Ciencias Sociales (LOMLOE);2º BACH B;N;30/06/2025;2003892;2003892;;;9031;
752882;9825149;763;2025;O;2º de Bachillerato - Humanidades y Ciencias Sociales (LOMLOE);2º BACH B;N;27/06/2025;2003892;2003892;;;9153;
802097;9829223;763;2025;O;2º de Bachillerato - Humanidades y Ciencias Sociales (LOMLOE);2º BACH B;N;28/06/2025;2003892;2003892;;;1495;
722063;9841627;763;2025;O;2º de Bachillerato - Humanidades y Ciencias Sociales (LOMLOE);2º BACH B;N;30/06/2025;2003892;2003892;;;9157;
790940;9860189;763;2025;O;2º de Bachillerato - Humanidades y Ciencias Sociales (LOMLOE);2º BACH B;N;30/06/2025;2003892;2003892;;;8950;
1392222;9945615;763;2025;O;2º de Bachillerato - Humanidades y Ciencias Sociales (LOMLOE);2º BACH B;N;01/07/2025;2003892;2003892;;;2188582;
801193;9832224;763;2025;O;2º de Bachillerato - Humanidades y Ciencias Sociales (LOMLOE);2º BACH B;N;29/06/2025;2003892;2003892;Trasladada;08/09/2025;9072;
792795;9857637;763;2025;O;2º de Bachillerato - Humanidades y Ciencias Sociales (LOMLOE);2º BACH B;N;30/06/2025;2003892;2003892;;;9062;
797193;9830379;763;2025;O;2º de Bachillerato - Humanidades y Ciencias Sociales (LOMLOE);2º BACH B;N;28/06/2025;2003892;2003892;;;9122;
1254626;10062933;763;2025;O;2º de Bachillerato - Humanidades y Ciencias Sociales (LOMLOE);X H 2º;N;04/07/2025;2003892;2003892;Anulada;13/11/2025;1482;
800110;9952816;763;2025;O;2º de Bachillerato - Humanidades y Ciencias Sociales (LOMLOE);2º BACH A;N;02/07/2025;2003892;2003892;;;9125;
716768;10044764;763;2025;O;2º de Bachillerato - Humanidades y Ciencias Sociales (LOMLOE);2º BACH A;N;03/07/2025;2003892;2003892;;;9106;
789042;9792478;763;2025;O;2º de Bachillerato - Humanidades y Ciencias Sociales (LOMLOE);2º BACH A;N;26/06/2025;2003892;2003892;;;9249;
792522;9784093;763;2025;O;2º de Bachillerato - Humanidades y Ciencias Sociales (LOMLOE);2º BACH A;N;26/06/2025;2003892;2003892;;;9148;
797414;9850522;763;2025;O;2º de Bachillerato - Humanidades y Ciencias Sociales (LOMLOE);2º BACH A;N;30/06/2025;2003892;2003892;;;9108;
1387244;9793238;763;2025;O;2º de Bachillerato - Humanidades y Ciencias Sociales (LOMLOE);2º BACH A;N;26/06/2025;2003892;2003892;;;2188546;
752114;9844991;763;2025;O;2º de Bachillerato - Humanidades y Ciencias Sociales (LOMLOE);2º BACH A;N;30/06/2025;2003892;2003892;;;9104;
789574;9929091;763;2025;O;2º de Bachillerato - Humanidades y Ciencias Sociales (LOMLOE);2º BACH A;N;01/07/2025;2003892;2003892;;;9119;
671061;9845137;763;2025;O;2º de Bachillerato - Humanidades y Ciencias Sociales (LOMLOE);2º BACH A;N;30/06/2025;2003892;2003892;;;8088;
719850;9828609;763;2025;O;2º de Bachillerato - Humanidades y Ciencias Sociales (LOMLOE);2º BACH A;N;28/06/2025;2003892;2003892;;;1452;
789249;9835102;763;2025;O;2º de Bachillerato - Humanidades y Ciencias Sociales (LOMLOE);2º BACH A;N;29/06/2025;2003892;2003892;;;9109;
716586;9781806;763;2025;O;2º de Bachillerato - Humanidades y Ciencias Sociales (LOMLOE);2º BACH A;N;26/06/2025;2003892;2003892;;;1457;
720330;9846725;763;2025;O;2º de Bachillerato - Humanidades y Ciencias Sociales (LOMLOE);2º BACH A;N;30/06/2025;2003892;2003892;;;1397;
790942;9850982;763;2025;O;2º de Bachillerato - Humanidades y Ciencias Sociales (LOMLOE);2º BACH A;N;30/06/2025;2003892;2003892;;;9128;
792124;9935781;763;2025;O;2º de Bachillerato - Humanidades y Ciencias Sociales (LOMLOE);2º BACH A;N;01/07/2025;2003892;2003892;;;9081;
789580;9836743;763;2025;O;2º de Bachillerato - Humanidades y Ciencias Sociales (LOMLOE);2º BACH A;N;29/06/2025;2003892;2003892;;;9121;
718156;9786259;763;2025;O;2º de Bachillerato - Humanidades y Ciencias Sociales (LOMLOE);2º BACH A;N;26/06/2025;2003892;2003892;;;9089;
799828;9829122;763;2025;O;2º de Bachillerato - Humanidades y Ciencias Sociales (LOMLOE);2º BACH A;N;28/06/2025;2003892;2003892;;;9127;
801199;10003715;763;2025;O;2º de Bachillerato - Humanidades y Ciencias Sociales (LOMLOE);2º BACH A;N;02/07/2025;2003892;2003892;;;1504;
792818;9861643;763;2025;O;2º de Bachillerato - Humanidades y Ciencias Sociales (LOMLOE);2º BACH A;N;30/06/2025;2003892;2003892;;;9077;
796147;9821613;763;2025;O;2º de Bachillerato - Humanidades y Ciencias Sociales (LOMLOE);2º BACH A;N;27/06/2025;2003892;2003892;;;1497;
794808;9836495;763;2025;O;2º de Bachillerato - Humanidades y Ciencias Sociales (LOMLOE);2º BACH A;N;29/06/2025;2003892;2003892;;;9135;
1104231;9937736;763;2025;O;2º de Bachillerato - Humanidades y Ciencias Sociales (LOMLOE);2º BACH A;N;01/07/2025;2003892;2003892;;;1490;
